id,first_name,last_name,email,country,lat,lon
1,Jecho,Perett,jperett0@shutterfly.com,Spain,38.3628307,-0.5210565
2,Alisa,Henaughan,ahenaughan1@state.gov,Spain,39.9658255,-0.0419877
3,Sean,Cicchillo,scicchillo2@globo.com,Spain,40.3111887,-3.7371617
4,Dar,Trighton,dtrighton3@reuters.com,Spain,41.6704519,-4.7135268
5,Addie,Amorts,aamorts4@weibo.com,Spain,42.8038334,-1.6894332
6,Renell,Jouanny,rjouanny5@netscape.com,Spain,39.9658255,-0.0419877
7,Matteo,Bundy,mbundy6@home.pl,Spain,42.2470995,2.0763253
8,Ludvig,Danihel,ldanihel7@forbes.com,Spain,36.7195014,-4.4239965
9,Ambrosio,Schwand,aschwand8@webnode.com,Spain,37.3100775,-5.9647536
10,Gabe,Gergher,ggergher9@bbb.org,Spain,42.0096857,-4.5288016
11,Ginger,Rubega,grubegaa@ibm.com,Spain,43.5251666,-5.6379087
12,Jaimie,Bett,jbettb@mysql.com,Spain,40.378739,-3.7358924
13,Mari,Axell,maxellc@intel.com,Spain,39.5013158,-0.3889622
14,Skipper,Aggus,saggusd@ning.com,Spain,40.4563733,-3.6952896
15,Kyle,Faulkes,kfaulkese@zdnet.com,Spain,42.8436672,-2.6722992
16,Hagen,Harmour,hharmourf@theatlantic.com,Spain,41.4904044,2.0776887
17,Travers,McPeake,tmcpeakeg@umn.edu,Spain,39.873363,-4.0414005
18,Olwen,Tanfield,otanfieldh@scribd.com,Spain,39.4798873,-0.3979657
19,Rufe,Pearce,rpearcei@technorati.com,Spain,38.994349,-1.8585424
20,Taddeusz,Twaits,ttwaitsj@merriam-webster.com,Spain,36.7203407,-4.419495
21,Ernie,Iffland,eifflandk@123-reg.co.uk,Spain,40.3319506,-3.7686545
22,Lana,Jope,ljopel@ocn.ne.jp,Spain,42.8436672,-2.6722992
23,Mitchel,Beckles,mbecklesm@bloglovin.com,Spain,43.3057431,-1.9802013
24,Les,Kenson,lkensonn@bbb.org,Spain,36.5292176,-6.2940354
25,Kearney,Ixor,kixoro@bluehost.com,Spain,36.5292176,-6.2940354
26,Cherida,Shrimptone,cshrimptonep@blogtalkradio.com,Spain,43.4880374,-8.2310576
27,Gay,Steinham,gsteinhamq@marriott.com,Spain,42.8970535,-8.5418899
28,Sondra,Curedale,scuredaler@microsoft.com,Spain,38.3628307,-0.5210565
29,Riva,Gurery,rgurerys@odnoklassniki.ru,Spain,37.4852899,-2.2959788
30,Sheilah,Gainseford,sgainsefordt@seesaa.net,Spain,42.660251,-5.5722297
31,Rudyard,Jeannenet,rjeannenetu@bloglovin.com,Spain,40.9380536,0.3183792
32,Eamon,Davidovic,edavidovicv@about.com,Spain,35.8941687,-5.2919563
33,Alano,Ramme,arammew@who.int,Spain,42.3233666,-7.8585562
34,Von,St Pierre,vstpierrex@edublogs.org,Spain,38.994349,-1.8585424
35,Diannne,Colthurst,dcolthursty@topsy.com,Spain,28.1236316,-15.4287738
36,Codi,Bernasek,cbernasekz@ftc.gov,Spain,38.0294026,-0.6867939
37,Wainwright,Bohlin,wbohlin10@reverbnation.com,Spain,40.7559095,-0.3371889
38,Paton,Beet,pbeet11@admin.ch,Spain,43.5251666,-5.6379087
39,Zara,Strippling,zstrippling12@washingtonpost.com,Spain,42.8038334,-1.6894332
40,Yetta,Odeson,yodeson13@pbs.org,Spain,43.3152889,-1.9514657
41,Nat,Brittoner,nbrittoner14@twitpic.com,Spain,36.7226027,-4.467102
42,Kellia,MacDermott,kmacdermott15@uol.com.br,Spain,41.6465777,-4.7497457
43,Leelah,Tampling,ltampling16@meetup.com,Spain,37.4852899,-2.2959788
44,Jobye,Potticary,jpotticary17@cmu.edu,Spain,37.439299,-5.9885456
45,Johnny,Camings,jcamings18@bizjournals.com,Spain,28.1236316,-15.4287738
46,Bronnie,De Metz,bdemetz19@fema.gov,Spain,39.5558392,2.5941239
47,Candida,Dewbury,cdewbury1a@nationalgeographic.com,Spain,42.8970535,-8.5418899
48,Maximilien,Kidney,mkidney1b@cisco.com,Spain,28.1328796,-15.4393074
49,Donovan,Spawell,dspawell1c@state.gov,Spain,43.5251666,-5.6379087
50,Noelani,Rosenwald,nrosenwald1d@google.co.uk,Spain,41.6247751,0.5588787
51,Mariellen,Faircliffe,mfaircliffe1e@naver.com,Spain,28.4391484,-16.2845785
52,Cherice,Wyd,cwyd1f@epa.gov,Spain,38.0294026,-0.6867939
53,Barr,Jarvie,bjarvie1g@creativecommons.org,Spain,38.2911575,-0.6322615
54,Red,Dragge,rdragge1h@sciencedaily.com,Spain,41.6465777,-4.7497457
55,Fergus,Spohr,fspohr1i@ning.com,Spain,42.4423768,-8.6463086
56,Emery,Bernlin,ebernlin1j@booking.com,Spain,42.8591137,-2.6844071
57,Caria,Padmore,cpadmore1k@wiley.com,Spain,40.7559095,-0.3371889
58,Budd,Arnold,barnold1l@yolasite.com,Spain,41.5675577,-4.883185
59,Farrah,Gadault,fgadault1m@columbia.edu,Spain,36.7203407,-4.419495
60,Forrest,Turneaux,fturneaux1n@go.com,Spain,40.9380536,0.3183792
61,Micah,Ivanitsa,mivanitsa1o@bbc.co.uk,Spain,38.8794495,-6.9706535
62,Gaultiero,Froude,gfroude1p@rediff.com,Spain,40.3319506,-3.7686545
63,Ezekiel,Mullany,emullany1q@fda.gov,Spain,37.4212157,-5.9251211
64,Duffie,Lampart,dlampart1r@google.cn,Spain,42.8436672,-2.6722992
65,Mandie,Mabbett,mmabbett1s@wix.com,Spain,43.3057431,-1.9802013
66,Hasheem,Rennenbach,hrennenbach1t@ucoz.com,Spain,40.3111887,-3.7371617
67,Teri,Dog,tdog1u@slashdot.org,Spain,39.609109,2.6362975
68,Lianne,Getsham,lgetsham1v@opensource.org,Spain,40.7559095,-0.3371889
69,Erna,Collcutt,ecollcutt1w@163.com,Spain,37.4852899,-2.2959788
70,Teodoor,Joint,tjoint1x@reddit.com,Spain,42.9782326,-7.5626411
71,Jasen,McCadden,jmccadden1y@army.mil,Spain,36.7195014,-4.4239965
72,Sara,Aksell,saksell1z@booking.com,Spain,42.2390986,-8.6848147
73,Pascale,Allbon,pallbon20@uiuc.edu,Spain,40.7559095,-0.3371889
74,Kippar,Triplow,ktriplow21@house.gov,Spain,36.8414494,-2.4567059
75,Rafa,Rawsthorn,rrawsthorn22@scribd.com,Spain,37.3100775,-5.9647536
76,Chrysa,Reck,creck23@cdbaby.com,Spain,36.757714,-4.2429565
77,Raynell,Domnick,rdomnick24@google.cn,Spain,38.8744567,-6.9786326
78,Gweneth,Boyall,gboyall25@chronoengine.com,Spain,38.0294026,-0.6867939
79,Timoteo,Beevers,tbeevers26@netvibes.com,Spain,39.9658255,-0.0419877
80,Harriette,Almack,halmack27@businessinsider.com,Spain,42.4385891,-8.5995773
81,Beckie,Gawen,bgawen28@cam.ac.uk,Spain,42.4385891,-8.5995773
82,Phillie,McNeilley,pmcneilley29@goo.ne.jp,Spain,42.8045028,-1.6432837
83,Sheff,Fronsek,sfronsek2a@java.com,Spain,40.7559095,-0.3371889
84,Dorthea,Boutellier,dboutellier2b@reference.com,Spain,37.1773363,-3.5985571
85,Rosie,Shorrock,rshorrock2c@plala.or.jp,Spain,42.5944931,-5.6195112
86,Waring,Gregson,wgregson2d@timesonline.co.uk,Spain,39.9658255,-0.0419877
87,Madelyn,Katte,mkatte2e@abc.net.au,Spain,28.1328796,-15.4393074
88,Gretchen,Brudenell,gbrudenell2f@cdc.gov,Spain,38.994349,-1.8585424
89,Hunt,Colum,hcolum2g@nba.com,Spain,42.8302933,-1.6299338
90,Carey,Duchesne,cduchesne2h@netlog.com,Spain,40.9380536,0.3183792
91,Axe,Giovannetti,agiovannetti2i@xing.com,Spain,42.214405,-8.7357274
92,Bartlet,Derwin,bderwin2j@apache.org,Spain,39.4798873,-0.3979657
93,Clemmie,Crut,ccrut2k@elpais.com,Spain,41.3730301,2.116796
94,Veronike,Baber,vbaber2l@elpais.com,Spain,36.8414494,-2.4567059
95,Alysa,Desesquelle,adesesquelle2m@earthlink.net,Spain,36.5292176,-6.2940354
96,Paxton,Lethieulier,plethieulier2n@cocolog-nifty.com,Spain,41.6704519,-4.7135268
97,Roseanna,Etter,retter2o@sfgate.com,Spain,37.3100775,-5.9647536
98,Farleigh,Course,fcourse2p@examiner.com,Spain,40.3954764,-3.6902166
99,Aldous,Menichino,amenichino2q@acquirethisname.com,Spain,41.5044882,-5.7434763
100,Link,Luca,lluca2r@squidoo.com,Spain,42.8302933,-1.6299338
101,Carmine,Godfery,cgodfery2s@howstuffworks.com,Spain,40.9838888,-5.6589414
102,May,Guiton,mguiton2t@hhs.gov,Spain,40.4563733,-3.6952896
103,Leonhard,Neeves,lneeves2u@cnet.com,Spain,42.8563356,-2.7033575
104,Thoma,Feige,tfeige2v@w3.org,Spain,40.9838888,-5.6589414
105,Lani,Pursehouse,lpursehouse2w@mysql.com,Spain,42.8045028,-1.6432837
106,Haven,Hinge,hhinge2x@sfgate.com,Spain,43.4590202,-3.8254599
107,Ezra,Hearst,ehearst2y@myspace.com,Spain,43.3216087,-8.434873
108,Tabbitha,King,tking2z@intel.com,Spain,28.0846121,-15.4331673
109,Danika,Drissell,ddrissell30@ted.com,Spain,41.3730301,2.116796
110,Osgood,Grimsdell,ogrimsdell31@dropbox.com,Spain,37.4212157,-5.9251211
111,Iver,Hovard,ihovard32@imageshack.us,Spain,37.6118995,-0.9904322
112,Petronella,Gilbart,pgilbart33@smugmug.com,Spain,37.439299,-5.9885456
113,Conney,Gatrill,cgatrill34@house.gov,Spain,43.3216087,-8.434873
114,Marcelia,Lynock,mlynock35@networkadvertising.org,Spain,38.8744567,-6.9786326
115,Page,Mixer,pmixer36@craigslist.org,Spain,37.1691224,-3.6002547
116,Danica,Nutley,dnutley37@360.cn,Spain,39.873363,-4.0414005
117,Raquel,Harmar,rharmar38@globo.com,Spain,37.5968793,-1.0346774
118,Ervin,Wooton,ewooton39@addtoany.com,Spain,41.3730301,2.116796
119,Christoffer,Laker,claker3a@mail.ru,Spain,42.8518656,-8.5638609
120,Margeaux,Hendriksen,mhendriksen3b@mit.edu,Spain,37.970285,-1.1424989
121,Ted,Paz,tpaz3c@naver.com,Spain,42.9782326,-7.5626411
122,Jammie,Riha,jriha3d@scribd.com,Spain,39.4798873,-0.3979657
123,Gabe,Ringer,gringer3e@loc.gov,Spain,40.9380536,0.3183792
124,Hughie,Duffyn,hduffyn3f@ifeng.com,Spain,41.6247751,0.5588787
125,Esdras,Crone,ecrone3g@cisco.com,Spain,36.5052612,-6.2761016
126,Zelig,Gowanson,zgowanson3h@posterous.com,Spain,37.3100775,-5.9647536
127,Padgett,Boteman,pboteman3i@nymag.com,Spain,41.3730301,2.116796
128,Brooks,Fleckney,bfleckney3j@state.tx.us,Spain,42.8970535,-8.5418899
129,Ned,Corbet,ncorbet3k@redcross.org,Spain,28.4391484,-16.2845785
130,Margarete,Titchard,mtitchard3l@wordpress.org,Spain,42.4423768,-8.6463086
131,Jakob,Geddis,jgeddis3m@cbslocal.com,Spain,43.4598651,-3.8057968
132,Monte,Milesap,mmilesap3n@smh.com.au,Spain,42.8563356,-2.7033575
133,Brodie,Heighway,bheighway3o@shutterfly.com,Spain,41.6445836,0.587269
134,Laverne,Wondraschek,lwondraschek3p@yelp.com,Spain,41.4378689,2.196618
135,Melany,Hugh,mhugh3q@tuttocitta.it,Spain,42.8563356,-2.7033575
136,Grove,Inskipp,ginskipp3r@mac.com,Spain,39.4798873,-0.3979657
137,Guntar,Ellinor,gellinor3s@ameblo.jp,Spain,42.4556093,-8.6325611
138,Kip,Riquet,kriquet3t@topsy.com,Spain,42.229169,-8.7026991
139,Gaven,Offner,goffner3u@ox.ac.uk,Spain,38.5928606,-2.5498208
140,Romola,Carnow,rcarnow3v@skyrock.com,Spain,41.5044882,-5.7434763
141,Sharleen,Vanyukov,svanyukov3w@dell.com,Spain,39.4798873,-0.3979657
142,Ahmad,Oldacre,aoldacre3x@1und1.de,Spain,38.2911575,-0.6322615
143,Rubia,Balch,rbalch3y@weibo.com,Spain,37.4852899,-2.2959788
144,Minna,MacNeely,mmacneely3z@reference.com,Spain,42.5944931,-5.6195112
145,Brocky,Mulrenan,bmulrenan40@ucoz.ru,Spain,39.4798873,-0.3979657
146,Nixie,Whittock,nwhittock41@seattletimes.com,Spain,42.4385891,-8.5995773
147,Shirl,Folger,sfolger42@example.com,Spain,37.439299,-5.9885456
148,Stu,Larcombe,slarcombe43@phpbb.com,Spain,37.7801069,-3.8235525
149,Graig,Davage,gdavage44@tripod.com,Spain,37.7801069,-3.8235525
150,Ulysses,Chidwick,uchidwick45@howstuffworks.com,Spain,43.5414515,-5.8855146
151,Celestyn,Boothby,cboothby46@e-recht24.de,Spain,41.6543565,0.6251541
152,Devondra,Standish,dstandish47@nydailynews.com,Spain,42.9782326,-7.5626411
153,Tam,Attow,tattow48@xinhuanet.com,Spain,42.3233666,-7.8585562
154,Reta,Lawtey,rlawtey49@plala.or.jp,Spain,37.3100775,-5.9647536
155,Vi,Brandenburg,vbrandenburg4a@pagesperso-orange.fr,Spain,40.500471,-3.6673942
156,Matteo,Leuchars,mleuchars4b@reuters.com,Spain,38.3628307,-0.5210565
157,Dickie,Poynton,dpoynton4c@foxnews.com,Spain,43.4598651,-3.8057968
158,Caddric,Pleat,cpleat4d@com.com,Spain,37.6118995,-0.9904322
159,Mac,Menault,mmenault4e@sakura.ne.jp,Spain,40.3111887,-3.7371617
160,Dwain,Kindall,dkindall4f@trellian.com,Spain,42.4556093,-8.6325611
161,Glendon,Book,gbook4g@icio.us,Spain,39.873363,-4.0414005
162,Isac,Gunnell,igunnell4h@webmd.com,Spain,40.2748289,-3.7968574
163,Merry,Tate,mtate4i@squidoo.com,Spain,43.4590202,-3.8254599
164,Kathe,Fittis,kfittis4j@nbcnews.com,Spain,42.8045028,-1.6432837
165,Adah,Grinnikov,agrinnikov4k@cbc.ca,Spain,42.8038334,-1.6894332
166,Inglebert,Aulds,iaulds4l@weibo.com,Spain,40.3111887,-3.7371617
167,Silvio,Landeg,slandeg4m@example.com,Spain,41.6543565,0.6251541
168,Saba,Neeson,sneeson4n@engadget.com,Spain,38.5928606,-2.5498208
169,Manya,McCambridge,mmccambridge4o@buzzfeed.com,Spain,41.6247751,0.5588787
170,Duke,Poyntz,dpoyntz4p@sphinn.com,Spain,42.8591137,-2.6844071
171,Trent,Gillespie,tgillespie4q@free.fr,Spain,38.0294026,-0.6867939
172,Glyn,MacSween,gmacsween4r@gmpg.org,Spain,39.609109,2.6362975
173,Jo ann,Postin,jpostin4s@hc360.com,Spain,39.4798873,-0.3979657
174,Jaquenetta,Woollons,jwoollons4t@techcrunch.com,Spain,43.3057431,-1.9802013
175,Vikky,Gwyther,vgwyther4u@vinaora.com,Spain,43.3057431,-1.9802013
176,Zacharie,Chatain,zchatain4v@furl.net,Spain,42.8518656,-8.5638609
177,Allina,Caudle,acaudle4w@gizmodo.com,Spain,42.8563356,-2.7033575
178,Benedetto,Derrington,bderrington4x@ycombinator.com,Spain,42.4576548,-2.4407498
179,Lenette,Lighterness,llighterness4y@census.gov,Spain,41.6445836,0.587269
180,Konstantin,Brownsworth,kbrownsworth4z@soup.io,Spain,42.4423768,-8.6463086
181,Tris,Roelofs,troelofs50@bloomberg.com,Spain,41.4904044,2.0776887
182,Lynn,Corter,lcorter51@networkadvertising.org,Spain,41.3641068,2.133823
183,Mack,Lean,mlean52@vistaprint.com,Spain,41.3641068,2.133823
184,Farah,Butson,fbutson53@yandex.ru,Spain,42.2390986,-8.6848147
185,Renaldo,Janousek,rjanousek54@bizjournals.com,Spain,41.6704519,-4.7135268
186,Dominique,Worthy,dworthy55@4shared.com,Spain,36.7226027,-4.467102
187,Florrie,Downey,fdowney56@answers.com,Spain,40.378739,-3.7358924
188,Kipper,Blaber,kblaber57@opera.com,Spain,42.8302933,-1.6299338
189,Gunther,Lanceter,glanceter58@comsenz.com,Spain,39.873363,-4.0414005
190,Danit,Glashby,dglashby59@nasa.gov,Spain,38.8794495,-6.9706535
191,Cammy,Geroldi,cgeroldi5a@wordpress.org,Spain,36.7195014,-4.4239965
192,Josey,Shannon,jshannon5b@com.com,Spain,38.0294026,-0.6867939
193,Melinde,Ranyelld,mranyelld5c@state.tx.us,Spain,42.8436672,-2.6722992
194,Wendi,Charrett,wcharrett5d@harvard.edu,Spain,40.2748289,-3.7968574
195,Viole,Piscopiello,vpiscopiello5e@behance.net,Spain,39.5558392,2.5941239
196,Angelique,Cinelli,acinelli5f@google.co.jp,Spain,37.970285,-1.1424989
197,Iris,MacMurray,imacmurray5g@simplemachines.org,Spain,43.3152889,-1.9514657
198,Jemima,Hyams,jhyams5h@toplist.cz,Spain,41.4378689,2.196618
199,Harmony,Stribbling,hstribbling5i@google.ca,Spain,39.609109,2.6362975
200,Kalindi,Van Leeuwen,kvanleeuwen5j@globo.com,Spain,37.3100775,-5.9647536
201,Fred,Janaud,fjanaud5k@wufoo.com,Spain,42.4423768,-8.6463086
202,Leoine,Signore,lsignore5l@virginia.edu,Spain,41.6543565,0.6251541
203,Yehudit,Aburrow,yaburrow5m@yandex.ru,Spain,41.4378689,2.196618
204,Nappie,Cota,ncota5n@flavors.me,Spain,42.8518656,-8.5638609
205,Erma,McGurn,emcgurn5o@earthlink.net,Spain,39.873363,-4.0414005
206,Arvie,Chrstine,achrstine5p@howstuffworks.com,Spain,40.4869744,-3.6116494
207,Jo ann,Parcall,jparcall5q@about.me,Spain,42.5944931,-5.6195112
208,Howard,Sweedy,hsweedy5r@illinois.edu,Spain,42.8302933,-1.6299338
209,Loraine,Graves,lgraves5s@usnews.com,Spain,40.4869744,-3.6116494
210,Rodrique,Barbier,rbarbier5t@google.ru,Spain,38.994349,-1.8585424
211,Peadar,Connow,pconnow5u@seesaa.net,Spain,42.4556093,-8.6325611
212,Jilli,Whitloe,jwhitloe5v@cbc.ca,Spain,36.5292176,-6.2940354
213,Sofia,Bow,sbow5w@pcworld.com,Spain,35.8941687,-5.2919563
214,Germaine,Freda,gfreda5x@cbc.ca,Spain,36.757714,-4.2429565
215,Brigitta,Eary,beary5y@accuweather.com,Spain,43.3216087,-8.434873
216,Avery,Mitchenson,amitchenson5z@miitbeian.gov.cn,Spain,39.5013158,-0.3889622
217,Torrey,Bastone,tbastone60@ted.com,Spain,37.7801069,-3.8235525
218,Roberta,Cossell,rcossell61@unicef.org,Spain,37.1773363,-3.5985571
219,Katti,Cordeix,kcordeix62@berkeley.edu,Spain,42.4556093,-8.6325611
220,Rudolph,Gramer,rgramer63@nba.com,Spain,37.1773363,-3.5985571
221,Wainwright,Lafflin,wlafflin64@sciencedirect.com,Spain,42.4385891,-8.5995773
222,Amaleta,Ingamells,aingamells65@netscape.com,Spain,36.7203407,-4.419495
223,Marilin,Buchanan,mbuchanan66@msu.edu,Spain,42.1294151,-0.3960275
224,Nicholle,Kubczak,nkubczak67@slate.com,Spain,41.6286623,-0.8744828
225,Tedra,Deeney,tdeeney68@google.es,Spain,43.3216087,-8.434873
226,Elene,Baudins,ebaudins69@cyberchimps.com,Spain,35.8941687,-5.2919563
227,Cyrille,Durnin,cdurnin6a@studiopress.com,Spain,43.4598651,-3.8057968
228,Doris,Inman,dinman6b@ocn.ne.jp,Spain,42.0096857,-4.5288016
229,Ina,Albinson,ialbinson6c@dyndns.org,Spain,42.3233666,-7.8585562
230,Carmita,Mucklo,cmucklo6d@mapquest.com,Spain,42.2470995,2.0763253
231,Damaris,Lieber,dlieber6e@chicagotribune.com,Spain,36.5292176,-6.2940354
232,Gwen,Tregian,gtregian6f@cnet.com,Spain,40.9380536,0.3183792
233,Saba,Huffy,shuffy6g@xinhuanet.com,Spain,42.4385891,-8.5995773
234,Herold,Bilbrooke,hbilbrooke6h@webeden.co.uk,Spain,42.660251,-5.5722297
235,Christopher,Mangan,cmangan6i@army.mil,Spain,41.6445836,0.587269
236,Nerty,Stainburn,nstainburn6j@bbc.co.uk,Spain,28.4391484,-16.2845785
237,Ibby,Champagne,ichampagne6k@free.fr,Spain,42.4423768,-8.6463086
238,Elwood,Laws,elaws6l@mysql.com,Spain,42.9782326,-7.5626411
239,Andi,Van der Velde,avandervelde6m@examiner.com,Spain,39.9658255,-0.0419877
240,Marshal,Beever,mbeever6n@pinterest.com,Spain,37.970285,-1.1424989
241,Floris,Perren,fperren6o@webnode.com,Spain,40.3319506,-3.7686545
242,Steward,Brookesbie,sbrookesbie6p@scribd.com,Spain,42.4423768,-8.6463086
243,Avie,Goodey,agoodey6q@blinklist.com,Spain,41.6704519,-4.7135268
244,Faina,Johnikin,fjohnikin6r@ycombinator.com,Spain,42.4385891,-8.5995773
245,Jaimie,Habert,jhabert6s@ezinearticles.com,Spain,28.00872,-15.3980224
246,Jackson,Dowsett,jdowsett6t@e-recht24.de,Spain,39.6343248,2.631838
247,Dee,Woolcocks,dwoolcocks6u@fc2.com,Spain,42.3233666,-7.8585562
248,Hynda,Chaperling,hchaperling6v@spiegel.de,Spain,37.1773363,-3.5985571
249,Catarina,Pinching,cpinching6w@ucoz.ru,Spain,42.8436672,-2.6722992
250,Malynda,Westmoreland,mwestmoreland6x@shareasale.com,Spain,38.994349,-1.8585424
251,Ian,Blondell,iblondell6y@reference.com,Spain,40.9380536,0.3183792
252,Lucian,Antoons,lantoons6z@independent.co.uk,Spain,42.8970535,-8.5418899
253,Redd,Carrack,rcarrack70@economist.com,Spain,42.2470995,2.0763253
254,Noreen,Watting,nwatting71@t-online.de,Spain,42.660251,-5.5722297
255,Florina,Trippack,ftrippack72@princeton.edu,Spain,42.8970535,-8.5418899
256,Dalt,Van Hove,dvanhove73@cafepress.com,Spain,41.5120612,-5.7415013
257,Devlin,Brogi,dbrogi74@sphinn.com,Spain,39.609109,2.6362975
258,Jasun,Cowwell,jcowwell75@nytimes.com,Spain,40.9838888,-5.6589414
259,Miguela,Foster,mfoster76@archive.org,Spain,38.8794495,-6.9706535
260,Alexei,Risbridger,arisbridger77@oakley.com,Spain,28.1236316,-15.4287738
261,Normy,Tregaskis,ntregaskis78@usa.gov,Spain,40.9838888,-5.6589414
262,Bel,Origan,borigan79@amazon.co.jp,Spain,42.4914204,-2.522269
263,Jaquith,Bernhardi,jbernhardi7a@freewebs.com,Spain,37.1773363,-3.5985571
264,Susanna,Nugent,snugent7b@dell.com,Spain,28.00872,-15.3980224
265,Leontyne,Brandreth,lbrandreth7c@smh.com.au,Spain,36.5052612,-6.2761016
266,Giovanna,Blackmoor,gblackmoor7d@examiner.com,Spain,37.7801069,-3.8235525
267,Kenon,Shipton,kshipton7e@loc.gov,Spain,40.378739,-3.7358924
268,Kania,Middlebrook,kmiddlebrook7f@vkontakte.ru,Spain,38.994349,-1.8585424
269,Currey,Blaase,cblaase7g@unblog.fr,Spain,42.4556093,-8.6325611
270,Malorie,Rickersy,mrickersy7h@delicious.com,Spain,36.7226027,-4.467102
271,Amil,Brawn,abrawn7i@java.com,Spain,38.3628307,-0.5210565
272,Ladonna,Auchterlony,lauchterlony7j@statcounter.com,Spain,39.463861,-0.3689508
273,Gunter,Levins,glevins7k@desdev.cn,Spain,42.4914204,-2.522269
274,Rosina,Wyllcocks,rwyllcocks7l@indiegogo.com,Spain,42.2390986,-8.6848147
275,Claribel,Hook,chook7m@engadget.com,Spain,42.229169,-8.7026991
276,Georgi,Jery,gjery7n@wikispaces.com,Spain,41.4904044,2.0776887
277,Remus,Crosswaite,rcrosswaite7o@who.int,Spain,37.5968793,-1.0346774
278,Benton,Leppo,bleppo7p@pbs.org,Spain,36.7203407,-4.419495
279,Eli,Youings,eyouings7q@mozilla.com,Spain,43.4590202,-3.8254599
280,Jeannine,Gibbieson,jgibbieson7r@forbes.com,Spain,39.463861,-0.3689508
281,Sonni,Aimable,saimable7s@about.com,Spain,40.3954764,-3.6902166
282,Edouard,Archibould,earchibould7t@opera.com,Spain,36.757714,-4.2429565
283,Raymund,Putt,rputt7u@whitehouse.gov,Spain,43.4880374,-8.2310576
284,Auroora,Whittle,awhittle7v@wordpress.org,Spain,40.7559095,-0.3371889
285,Sherman,Willison,swillison7w@newyorker.com,Spain,41.3641068,2.133823
286,Helen,Symington,hsymington7x@adobe.com,Spain,28.1328796,-15.4393074
287,Gianni,Burkart,gburkart7y@fc2.com,Spain,40.3319506,-3.7686545
288,Nonnah,Balaizot,nbalaizot7z@walmart.com,Spain,37.9868856,-1.1371011
289,Merrill,Klimas,mklimas80@sakura.ne.jp,Spain,40.3954764,-3.6902166
290,Horatius,Boycott,hboycott81@123-reg.co.uk,Spain,40.4563733,-3.6952896
291,Alika,Codling,acodling82@etsy.com,Spain,40.3319506,-3.7686545
292,Tiphanie,Laweles,tlaweles83@aol.com,Spain,37.4852899,-2.2959788
293,Maddie,Danilowicz,mdanilowicz84@guardian.co.uk,Spain,37.1691224,-3.6002547
294,Eleonora,Rablan,erablan85@hao123.com,Spain,37.1691224,-3.6002547
295,Stearne,Dallaway,sdallaway86@tripod.com,Spain,37.3100775,-5.9647536
296,Danie,Coyne,dcoyne87@goo.gl,Spain,42.4556093,-8.6325611
297,Gardie,Meech,gmeech88@msn.com,Spain,40.4869744,-3.6116494
298,Annadiana,Foss,afoss89@hexun.com,Spain,42.0096857,-4.5288016
299,Gabi,Pretsel,gpretsel8a@wikispaces.com,Spain,42.0096857,-4.5288016
300,Kippy,Delos,kdelos8b@state.tx.us,Spain,39.6343248,2.631838
301,Judith,Dowry,jdowry8c@cam.ac.uk,Spain,37.439299,-5.9885456
302,Marice,Gummery,mgummery8d@phoca.cz,Spain,40.9380536,0.3183792
303,Malena,Trathan,mtrathan8e@sciencedaily.com,Spain,37.4212157,-5.9251211
304,Valentin,Stanway,vstanway8f@salon.com,Spain,40.3111887,-3.7371617
305,Carlie,Surmeir,csurmeir8g@discuz.net,Spain,39.6343248,2.631838
306,Cosette,Gibbe,cgibbe8h@hugedomains.com,Spain,42.3233666,-7.8585562
307,Lowrance,Ruppele,lruppele8i@wikimedia.org,Spain,28.0990178,-15.4203257
308,Herminia,Blenkiron,hblenkiron8j@jalbum.net,Spain,40.7559095,-0.3371889
309,Lila,Lamey,llamey8k@elpais.com,Spain,37.6118995,-0.9904322
310,Margareta,Screech,mscreech8l@example.com,Spain,42.4576548,-2.4407498
311,Pandora,Prinn,pprinn8m@elpais.com,Spain,43.4598651,-3.8057968
312,Redd,Feasley,rfeasley8n@ow.ly,Spain,37.1691224,-3.6002547
313,Galven,Dyott,gdyott8o@rambler.ru,Spain,43.3152889,-1.9514657
314,Alleyn,Tatershall,atatershall8p@flavors.me,Spain,41.6465777,-4.7497457
315,Cesare,Letrange,cletrange8q@phoca.cz,Spain,41.5044882,-5.7434763
316,Carmelle,Yirrell,cyirrell8r@japanpost.jp,Spain,39.9658255,-0.0419877
317,Bartholemy,Pfeiffer,bpfeiffer8s@msu.edu,Spain,40.4869744,-3.6116494
318,Vanny,Billison,vbillison8t@dagondesign.com,Spain,37.3100775,-5.9647536
319,Bobette,Swannie,bswannie8u@alexa.com,Spain,40.4869744,-3.6116494
320,Garrot,Maevela,gmaevela8v@google.ru,Spain,41.5120612,-5.7415013
321,Wilton,Braisher,wbraisher8w@rediff.com,Spain,41.6465777,-4.7497457
322,Margareta,Gifford,mgifford8x@samsung.com,Spain,40.9380536,0.3183792
323,Tracey,Meekin,tmeekin8y@auda.org.au,Spain,40.2748289,-3.7968574
324,Didi,McLachlan,dmclachlan8z@de.vu,Spain,35.8941687,-5.2919563
325,Penn,Misken,pmisken90@discovery.com,Spain,43.4598651,-3.8057968
326,Shepherd,Raffan,sraffan91@ameblo.jp,Spain,42.8563356,-2.7033575
327,Annalise,Penticoot,apenticoot92@washingtonpost.com,Spain,37.7801069,-3.8235525
328,Derrek,Denerley,ddenerley93@mozilla.com,Spain,42.8038334,-1.6894332
329,Roddy,Luard,rluard94@list-manage.com,Spain,43.4717283,-3.7866915
330,Lancelot,Kubacek,lkubacek95@thetimes.co.uk,Spain,40.500471,-3.6673942
331,Laverna,Quenell,lquenell96@naver.com,Spain,42.8591137,-2.6844071
332,Rasia,Niece,rniece97@examiner.com,Spain,41.3641068,2.133823
333,Jefferson,Jinkins,jjinkins98@ezinearticles.com,Spain,42.8591137,-2.6844071
334,Lisabeth,Elleton,lelleton99@nifty.com,Spain,40.500471,-3.6673942
335,Corinna,Belfelt,cbelfelt9a@epa.gov,Spain,42.4914204,-2.522269
336,Leilah,Sturzaker,lsturzaker9b@hp.com,Spain,42.4385891,-8.5995773
337,Abbe,Breheny,abreheny9c@aboutads.info,Spain,41.5675577,-4.883185
338,Fedora,Daniello,fdaniello9d@istockphoto.com,Spain,28.1328796,-15.4393074
339,Haily,Delouch,hdelouch9e@marriott.com,Spain,42.8591137,-2.6844071
340,Feodora,Nelthropp,fnelthropp9f@addthis.com,Spain,37.1773363,-3.5985571
341,Jorrie,Bourley,jbourley9g@feedburner.com,Spain,39.873363,-4.0414005
342,Clayton,Jerche,cjerche9h@cnn.com,Spain,43.3152889,-1.9514657
343,Daisey,Mea,dmea9i@sakura.ne.jp,Spain,42.229169,-8.7026991
344,Ingram,Misk,imisk9j@yandex.ru,Spain,42.214405,-8.7357274
345,Ernst,Saurin,esaurin9k@usnews.com,Spain,42.4423768,-8.6463086
346,Karyn,Iacovone,kiacovone9l@paginegialle.it,Spain,36.5292176,-6.2940354
347,Ofilia,Jones,ojones9m@prlog.org,Spain,36.7203407,-4.419495
348,Olenka,Bhar,obhar9n@sitemeter.com,Spain,43.4598651,-3.8057968
349,Dinnie,Goodban,dgoodban9o@shop-pro.jp,Spain,42.8302933,-1.6299338
350,Jodi,Fearon,jfearon9p@boston.com,Spain,39.463861,-0.3689508
351,Leupold,Rosenthal,lrosenthal9q@timesonline.co.uk,Spain,37.9868856,-1.1371011
352,Hillel,Franceschi,hfranceschi9r@thetimes.co.uk,Spain,37.7801069,-3.8235525
353,Nanny,Broggetti,nbroggetti9s@pbs.org,Spain,37.1691224,-3.6002547
354,Faustine,Peet,fpeet9t@themeforest.net,Spain,36.5292176,-6.2940354
355,Pepe,Swindles,pswindles9u@fastcompany.com,Spain,28.4391484,-16.2845785
356,Sayre,Amsberger,samsberger9v@ox.ac.uk,Spain,36.757714,-4.2429565
357,Thomasine,Abisetti,tabisetti9w@wikimedia.org,Spain,39.4798873,-0.3979657
358,Lucila,Nayer,lnayer9x@whitehouse.gov,Spain,39.4798873,-0.3979657
359,Norbert,Myerscough,nmyerscough9y@diigo.com,Spain,42.4914204,-2.522269
360,Waldo,Grellier,wgrellier9z@mlb.com,Spain,28.4391484,-16.2845785
361,Darill,Seys,dseysa0@bluehost.com,Spain,41.3730301,2.116796
362,Dorella,Batt,dbatta1@zimbio.com,Spain,41.4378689,2.196618
363,Lynnea,Baptista,lbaptistaa2@comsenz.com,Spain,38.0294026,-0.6867939
364,Miran,Gimson,mgimsona3@webs.com,Spain,42.8302933,-1.6299338
365,Shayne,Belin,sbelina4@yellowpages.com,Spain,37.1952335,-3.664859
366,Denney,Brunsdon,dbrunsdona5@uiuc.edu,Spain,42.4556093,-8.6325611
367,Afton,Wilson,awilsona6@wsj.com,Spain,40.3954764,-3.6902166
368,Case,Mosby,cmosbya7@wunderground.com,Spain,40.4563733,-3.6952896
369,Tatiana,Casina,tcasinaa8@japanpost.jp,Spain,37.4212157,-5.9251211
370,Nicol,Harnes,nharnesa9@pbs.org,Spain,36.5052612,-6.2761016
371,Belia,Ilchenko,bilchenkoaa@netlog.com,Spain,35.8941687,-5.2919563
372,Else,Baseley,ebaseleyab@surveymonkey.com,Spain,40.4563733,-3.6952896
373,Hoebart,Renshall,hrenshallac@merriam-webster.com,Spain,38.8794495,-6.9706535
374,Farlee,Tollemache,ftollemachead@stanford.edu,Spain,41.6543565,0.6251541
375,Concordia,Eddins,ceddinsae@columbia.edu,Spain,41.5281384,2.1143422
376,Zorah,Reah,zreahaf@xrea.com,Spain,28.1236316,-15.4287738
377,Tome,Rickarsey,trickarseyag@cpanel.net,Spain,36.8414494,-2.4567059
378,Barnie,Yong,byongah@baidu.com,Spain,37.439299,-5.9885456
379,Edsel,Salvadore,esalvadoreai@netlog.com,Spain,39.9658255,-0.0419877
380,Maurice,Amorts,mamortsaj@walmart.com,Spain,41.3730301,2.116796
381,Sadie,Althrop,salthropak@amazon.com,Spain,28.1328796,-15.4393074
382,Hy,Berford,hberfordal@lycos.com,Spain,28.00872,-15.3980224
383,Krisha,Rigbye,krigbyeam@go.com,Spain,37.9868856,-1.1371011
384,Reilly,Bartlomieczak,rbartlomieczakan@cam.ac.uk,Spain,28.4391484,-16.2845785
385,Kinny,Gregory,kgregoryao@abc.net.au,Spain,37.3100775,-5.9647536
386,Goldi,Kusick,gkusickap@mapquest.com,Spain,42.229169,-8.7026991
387,Rowland,Dunster,rdunsteraq@census.gov,Spain,42.5944931,-5.6195112
388,Jeanine,Walicki,jwalickiar@fc2.com,Spain,41.3641068,2.133823
389,Moyra,Bretton,mbrettonas@yelp.com,Spain,42.8045028,-1.6432837
390,Keefer,Manueau,kmanueauat@webeden.co.uk,Spain,43.5251666,-5.6379087
391,Brande,Blanche,bblancheau@hubpages.com,Spain,41.4904044,2.0776887
392,Charlotta,Banyard,cbanyardav@unesco.org,Spain,40.7559095,-0.3371889
393,Celina,Sehorsch,csehorschaw@google.co.jp,Spain,39.9863563,-0.0513246
394,Konstantine,Loache,kloacheax@biglobe.ne.jp,Spain,43.3216087,-8.434873
395,Pattie,Von Oertzen,pvonoertzenay@yahoo.co.jp,Spain,38.994349,-1.8585424
396,Hobey,Sarson,hsarsonaz@disqus.com,Spain,42.4576548,-2.4407498
397,Sawyer,Puddicombe,spuddicombeb0@sogou.com,Spain,36.757714,-4.2429565
398,Jenda,Buske,jbuskeb1@hhs.gov,Spain,37.3100775,-5.9647536
399,Eugine,Ryson,erysonb2@hexun.com,Spain,43.4598651,-3.8057968
400,Blair,Merdew,bmerdewb3@scientificamerican.com,Spain,28.00872,-15.3980224
401,Mikaela,Beazleigh,mbeazleighb4@xinhuanet.com,Spain,42.229169,-8.7026991
402,Cassaundra,Trahar,ctraharb5@mysql.com,Spain,37.1952335,-3.664859
403,Danila,Tight,dtightb6@utexas.edu,Spain,37.6118995,-0.9904322
404,Hugibert,Buddington,hbuddingtonb7@nymag.com,Spain,39.4798873,-0.3979657
405,Jessalyn,Kemson,jkemsonb8@plala.or.jp,Spain,41.3641068,2.133823
406,Drucie,Channon,dchannonb9@reddit.com,Spain,36.5292176,-6.2940354
407,Joanie,Aleveque,jalevequeba@ft.com,Spain,38.8744567,-6.9786326
408,Nicholle,Desporte,ndesportebb@skyrock.com,Spain,41.6543565,0.6251541
409,Karrie,Ferrone,kferronebc@youku.com,Spain,42.8302933,-1.6299338
410,Marne,Sparshatt,msparshattbd@cargocollective.com,Spain,28.0990178,-15.4203257
411,Bob,Behnen,bbehnenbe@gmpg.org,Spain,42.214405,-8.7357274
412,Margarita,Hatherley,mhatherleybf@intel.com,Spain,42.8563356,-2.7033575
413,Davine,Woodhams,dwoodhamsbg@webmd.com,Spain,40.378739,-3.7358924
414,Anetta,Tinan,atinanbh@booking.com,Spain,38.8744567,-6.9786326
415,Luce,Leat,lleatbi@about.com,Spain,41.5044882,-5.7434763
416,Jeff,Flemming,jflemmingbj@github.com,Spain,42.1294151,-0.3960275
417,Hinda,Adamsen,hadamsenbk@last.fm,Spain,39.873363,-4.0414005
418,Thane,Yuryichev,tyuryichevbl@creativecommons.org,Spain,42.4576548,-2.4407498
419,Thorin,Royall,troyallbm@wikipedia.org,Spain,42.660251,-5.5722297
420,Dedra,Mainwaring,dmainwaringbn@sina.com.cn,Spain,36.757714,-4.2429565
421,Willamina,Dunniom,wdunniombo@bbc.co.uk,Spain,41.6704519,-4.7135268
422,Netty,Porcas,nporcasbp@bloomberg.com,Spain,42.9782326,-7.5626411
423,Godiva,Wynter,gwynterbq@xing.com,Spain,42.8045028,-1.6432837
424,Eve,Knevett,eknevettbr@networksolutions.com,Spain,40.9380536,0.3183792
425,Brier,Bour,bbourbs@fastcompany.com,Spain,39.9863563,-0.0513246
426,Wallis,Lean,wleanbt@usnews.com,Spain,42.5944931,-5.6195112
427,Ronnie,Jako,rjakobu@wisc.edu,Spain,37.1691224,-3.6002547
428,Drucill,Polsin,dpolsinbv@weibo.com,Spain,39.4798873,-0.3979657
429,Bogey,Tackett,btackettbw@vistaprint.com,Spain,41.5675577,-4.883185
430,Harley,Weeks,hweeksbx@nytimes.com,Spain,39.4798873,-0.3979657
431,Sandra,Lombardo,slombardoby@technorati.com,Spain,43.5251666,-5.6379087
432,Maud,Merrin,mmerrinbz@taobao.com,Spain,41.5675577,-4.883185
433,Dawn,Melvin,dmelvinc0@prnewswire.com,Spain,40.500471,-3.6673942
434,Kristoffer,Keasley,kkeasleyc1@comsenz.com,Spain,39.5558392,2.5941239
435,Garth,Olerenshaw,golerenshawc2@hatena.ne.jp,Spain,38.3628307,-0.5210565
436,Fred,Haslock,fhaslockc3@cpanel.net,Spain,37.6118995,-0.9904322
437,Jamil,Sherrum,jsherrumc4@wikipedia.org,Spain,42.660251,-5.5722297
438,Nevil,Randlesome,nrandlesomec5@disqus.com,Spain,42.4423768,-8.6463086
439,Rhona,Clyma,rclymac6@boston.com,Spain,36.757714,-4.2429565
440,Timothee,McLorinan,tmclorinanc7@cmu.edu,Spain,42.229169,-8.7026991
441,Ingunna,Sicily,isicilyc8@uiuc.edu,Spain,43.3216087,-8.434873
442,Lee,Stearn,lstearnc9@surveymonkey.com,Spain,37.5968793,-1.0346774
443,Flore,Wait,fwaitca@jugem.jp,Spain,40.2748289,-3.7968574
444,Samuel,Stukings,sstukingscb@histats.com,Spain,43.5414515,-5.8855146
445,Vonni,Dwelly,vdwellycc@hubpages.com,Spain,42.4385891,-8.5995773
446,Fleming,Dell,fdellcd@psu.edu,Spain,37.5968793,-1.0346774
447,Roxane,Broseman,rbrosemance@dailymotion.com,Spain,43.4598651,-3.8057968
448,Kelcy,Critchlow,kcritchlowcf@techcrunch.com,Spain,43.4598651,-3.8057968
449,Rolph,Inworth,rinworthcg@abc.net.au,Spain,42.8970535,-8.5418899
450,Roxine,Gartin,rgartinch@uiuc.edu,Spain,42.4914204,-2.522269
451,Aldis,Hamnett,ahamnettci@tinyurl.com,Spain,37.1691224,-3.6002547
452,Vlad,Pydcock,vpydcockcj@bing.com,Spain,42.3233666,-7.8585562
453,Koo,Ffrench,kffrenchck@example.com,Spain,41.6445836,0.587269
454,Elinore,MacCaull,emaccaullcl@ebay.com,Spain,36.7226027,-4.467102
455,Tori,Curgenven,tcurgenvencm@woothemes.com,Spain,36.5292176,-6.2940354
456,Francisca,Balogh,fbaloghcn@google.com.br,Spain,42.8518656,-8.5638609
457,Pace,Shoulders,pshouldersco@geocities.jp,Spain,41.5281384,2.1143422
458,Tremain,Elflain,telflaincp@quantcast.com,Spain,38.8794495,-6.9706535
459,Lea,Feak,lfeakcq@lycos.com,Spain,42.4423768,-8.6463086
460,Ken,Wardlow,kwardlowcr@pen.io,Spain,42.4423768,-8.6463086
461,Shanie,Stratiff,sstratiffcs@google.pl,Spain,43.4590202,-3.8254599
462,Sidonnie,Queenborough,squeenboroughct@addtoany.com,Spain,37.1952335,-3.664859
463,Valeda,Smeeth,vsmeethcu@simplemachines.org,Spain,38.0294026,-0.6867939
464,Kissee,Cuskery,kcuskerycv@goodreads.com,Spain,40.9838888,-5.6589414
465,Felike,Connew,fconnewcw@hao123.com,Spain,37.4212157,-5.9251211
466,Zara,Brunning,zbrunningcx@weather.com,Spain,41.6543565,0.6251541
467,Brittan,Cullum,bcullumcy@51.la,Spain,37.9868856,-1.1371011
468,Baron,Lansberry,blansberrycz@woothemes.com,Spain,42.4423768,-8.6463086
469,Melany,Ettles,mettlesd0@mozilla.com,Spain,43.3177929,-1.9814245
470,Dagmar,Whelan,dwheland1@whitehouse.gov,Spain,37.3100775,-5.9647536
471,Heddie,Hamper,hhamperd2@gnu.org,Spain,42.4423768,-8.6463086
472,Marinna,Aloshechkin,maloshechkind3@phpbb.com,Spain,42.8970535,-8.5418899
473,Hank,Simao,hsimaod4@buzzfeed.com,Spain,41.4904044,2.0776887
474,Flossi,Lewing,flewingd5@go.com,Spain,38.3628307,-0.5210565
475,Rabbi,Huckerbe,rhuckerbed6@msn.com,Spain,40.4869744,-3.6116494
476,Blaine,Belcham,bbelchamd7@springer.com,Spain,40.3319506,-3.7686545
477,Jazmin,Malloch,jmallochd8@delicious.com,Spain,38.994349,-1.8585424
478,Imojean,MacKimmie,imackimmied9@miibeian.gov.cn,Spain,38.994349,-1.8585424
479,Lynna,Gabitis,lgabitisda@washingtonpost.com,Spain,42.0096857,-4.5288016
480,Raleigh,Franzonetti,rfranzonettidb@networkadvertising.org,Spain,28.0846121,-15.4331673
481,Lorne,Mungane,lmunganedc@seattletimes.com,Spain,36.5292176,-6.2940354
482,Briano,Loughney,bloughneydd@usatoday.com,Spain,41.5120612,-5.7415013
483,Andriana,McArthur,amcarthurde@deviantart.com,Spain,28.1328796,-15.4393074
484,Amy,Arblaster,aarblasterdf@cnn.com,Spain,37.1691224,-3.6002547
485,Gillan,Embury,gemburydg@usnews.com,Spain,40.4563733,-3.6952896
486,Shaine,Whatmough,swhatmoughdh@businesswire.com,Spain,42.4576548,-2.4407498
487,Drucill,Moodey,dmoodeydi@51.la,Spain,40.4869744,-3.6116494
488,Appolonia,Kemwal,akemwaldj@ezinearticles.com,Spain,42.229169,-8.7026991
489,Brock,Colquit,bcolquitdk@alexa.com,Spain,42.4914204,-2.522269
490,Henka,McParlin,hmcparlindl@mozilla.org,Spain,42.0096857,-4.5288016
491,Rubin,MacEntee,rmacenteedm@ucoz.ru,Spain,28.1236316,-15.4287738
492,Tatum,Keddey,tkeddeydn@tinypic.com,Spain,28.00872,-15.3980224
493,Elli,Larcher,elarcherdo@microsoft.com,Spain,39.4798873,-0.3979657
494,Jermaine,Sofe,jsofedp@behance.net,Spain,39.463861,-0.3689508
495,Bryon,Sarge,bsargedq@wsj.com,Spain,38.2911575,-0.6322615
496,Gussie,Garfoot,ggarfootdr@time.com,Spain,42.2390986,-8.6848147
497,Hildagard,Kleinhaut,hkleinhautds@google.cn,Spain,42.229169,-8.7026991
498,Dorelle,MacFarland,dmacfarlanddt@live.com,Spain,40.3319506,-3.7686545
499,Russ,Darragon,rdarragondu@weebly.com,Spain,41.3730301,2.116796
500,Kip,Forsard,kforsarddv@dropbox.com,Spain,37.439299,-5.9885456
501,Redd,Blaise,rblaisedw@admin.ch,Spain,42.4576548,-2.4407498
502,Dorry,Firth,dfirthdx@cnn.com,Spain,37.439299,-5.9885456
503,Nancy,Spick,nspickdy@alexa.com,Spain,35.8941687,-5.2919563
504,Tedmund,Beranek,tberanekdz@earthlink.net,Spain,38.5928606,-2.5498208
505,Cal,De Angelis,cdeangelise0@usa.gov,Spain,40.9838888,-5.6589414
506,Jojo,Losselyong,jlosselyonge1@ifeng.com,Spain,40.4304536,-3.7105118
507,Maxy,Labbe,mlabbee2@yelp.com,Spain,40.9380536,0.3183792
508,Valentine,Kirley,vkirleye3@cisco.com,Spain,36.757714,-4.2429565
509,Ralina,Ambrois,rambroise4@sourceforge.net,Spain,41.6247751,0.5588787
510,Scott,Scrooby,sscroobye5@discuz.net,Spain,41.5120612,-5.7415013
511,Charissa,Piquard,cpiquarde6@answers.com,Spain,43.5162166,-5.664252
512,Korney,Gorioli,kgoriolie7@dion.ne.jp,Spain,40.4304536,-3.7105118
513,Kristo,Cumpsty,kcumpstye8@comsenz.com,Spain,42.4423768,-8.6463086
514,Wheeler,McGrath,wmcgrathe9@cdc.gov,Spain,41.4378689,2.196618
515,Audrey,Nesby,anesbyea@bandcamp.com,Spain,37.4852899,-2.2959788
516,Catlin,Gerrie,cgerrieeb@geocities.com,Spain,42.4385891,-8.5995773
517,Flemming,Manilove,fmaniloveec@vkontakte.ru,Spain,39.6343248,2.631838
518,Reggi,Conaghy,rconaghyed@eepurl.com,Spain,37.1691224,-3.6002547
519,Christy,Howgill,chowgillee@springer.com,Spain,38.5928606,-2.5498208
520,Blaine,Yakob,byakobef@facebook.com,Spain,37.4212157,-5.9251211
521,Cherri,Sehorsch,csehorscheg@mysql.com,Spain,41.6704519,-4.7135268
522,Fletcher,McCloughen,fmcclougheneh@statcounter.com,Spain,43.4717283,-3.7866915
523,Hortensia,Braunstein,hbraunsteinei@dell.com,Spain,40.3954764,-3.6902166
524,Jacynth,Radbourn,jradbournej@phoca.cz,Spain,28.0846121,-15.4331673
525,Kaila,Yeowell,kyeowellek@multiply.com,Spain,36.757714,-4.2429565
526,Jethro,O'Flaherty,joflahertyel@google.com.hk,Spain,41.4904044,2.0776887
527,Garrot,Yurov,gyurovem@wunderground.com,Spain,42.8045028,-1.6432837
528,Eden,Cariss,ecarissen@tmall.com,Spain,43.5414515,-5.8855146
529,Fernando,Linham,flinhameo@google.com,Spain,42.9782326,-7.5626411
530,Avictor,Camerana,acameranaep@360.cn,Spain,28.1236316,-15.4287738
531,Mignonne,Poxon,mpoxoneq@utexas.edu,Spain,42.5944931,-5.6195112
532,Welch,Pobjoy,wpobjoyer@yandex.ru,Spain,38.8794495,-6.9706535
533,Murray,Bolstridge,mbolstridgees@usnews.com,Spain,38.8794495,-6.9706535
534,Clair,Looker,clookeret@noaa.gov,Spain,39.9863563,-0.0513246
535,Alfy,Bener,abenereu@alibaba.com,Spain,38.8794495,-6.9706535
536,Robin,Glisenan,rglisenanev@pinterest.com,Spain,42.2390986,-8.6848147
537,Gabbie,Ingall,gingallew@army.mil,Spain,42.4423768,-8.6463086
538,Bartlet,Sorrie,bsorrieex@indiatimes.com,Spain,37.1773363,-3.5985571
539,Nickolaus,Pitrelli,npitrelliey@go.com,Spain,39.4798873,-0.3979657
540,Janeen,Burston,jburstonez@discovery.com,Spain,42.2390986,-8.6848147
541,Zach,Filipychev,zfilipychevf0@google.co.jp,Spain,38.3628307,-0.5210565
542,Yoko,Garthland,ygarthlandf1@comcast.net,Spain,36.5052612,-6.2761016
543,Man,Pascho,mpaschof2@people.com.cn,Spain,41.4904044,2.0776887
544,Jaquelyn,Carloni,jcarlonif3@purevolume.com,Spain,36.5292176,-6.2940354
545,Fancy,Gerssam,fgerssamf4@marketwatch.com,Spain,39.9863563,-0.0513246
546,Harv,Bamfield,hbamfieldf5@netscape.com,Spain,38.0294026,-0.6867939
547,Nathanial,Keaton,nkeatonf6@mayoclinic.com,Spain,42.8591137,-2.6844071
548,Leia,Mitchener,lmitchenerf7@npr.org,Spain,36.5052612,-6.2761016
549,Elizabet,Aylward,eaylwardf8@feedburner.com,Spain,37.4212157,-5.9251211
550,Cosme,Marskell,cmarskellf9@slate.com,Spain,39.9863563,-0.0513246
551,Sergio,Stockau,sstockaufa@purevolume.com,Spain,39.4798873,-0.3979657
552,Dexter,Ambler,damblerfb@smugmug.com,Spain,39.6343248,2.631838
553,Deirdre,Duncombe,dduncombefc@whitehouse.gov,Spain,41.3730301,2.116796
554,Sampson,Limeburn,slimeburnfd@patch.com,Spain,37.439299,-5.9885456
555,Reamonn,Scurrey,rscurreyfe@reference.com,Spain,40.378739,-3.7358924
556,Darla,Biaggelli,dbiaggelliff@cmu.edu,Spain,39.873363,-4.0414005
557,Rosene,Pomroy,rpomroyfg@blinklist.com,Spain,40.7559095,-0.3371889
558,Siegfried,McInulty,smcinultyfh@google.com.br,Spain,38.3628307,-0.5210565
559,Marsh,Boyes,mboyesfi@xing.com,Spain,43.3057431,-1.9802013
560,Angel,Harcase,aharcasefj@bandcamp.com,Spain,42.3233666,-7.8585562
561,Bernadette,Pembry,bpembryfk@ebay.co.uk,Spain,41.5675577,-4.883185
562,Eula,Vesque,evesquefl@elpais.com,Spain,42.8970535,-8.5418899
563,Cull,Philcox,cphilcoxfm@hugedomains.com,Spain,43.4590202,-3.8254599
564,Moises,Dell Casa,mdellcasafn@whitehouse.gov,Spain,40.7559095,-0.3371889
565,Hurleigh,Mullen,hmullenfo@shutterfly.com,Spain,39.609109,2.6362975
566,Benyamin,Fouracre,bfouracrefp@state.tx.us,Spain,43.3057431,-1.9802013
567,Catherina,Celli,ccellifq@bbc.co.uk,Spain,40.9838888,-5.6589414
568,Finlay,Nevin,fnevinfr@example.com,Spain,39.463861,-0.3689508
569,Reynold,Gadsden,rgadsdenfs@cloudflare.com,Spain,36.757714,-4.2429565
570,Demetria,Sherrett,dsherrettft@xing.com,Spain,41.6704519,-4.7135268
571,Griff,Ashlin,gashlinfu@intel.com,Spain,39.4798873,-0.3979657
572,Reade,Curedale,rcuredalefv@elpais.com,Spain,42.8563356,-2.7033575
573,Winnie,Dodgshun,wdodgshunfw@ca.gov,Spain,42.4556093,-8.6325611
574,Nico,Gillingwater,ngillingwaterfx@foxnews.com,Spain,39.6343248,2.631838
575,Raquel,Chorlton,rchorltonfy@ibm.com,Spain,39.9863563,-0.0513246
576,Niel,Stace,nstacefz@foxnews.com,Spain,37.7801069,-3.8235525
577,Norry,Benedite,nbenediteg0@zimbio.com,Spain,42.8591137,-2.6844071
578,Chic,Schinetti,cschinettig1@netscape.com,Spain,41.3730301,2.116796
579,Katharine,Thorp,kthorpg2@paginegialle.it,Spain,41.6286623,-0.8744828
580,Linn,Pinnion,lpinniong3@newsvine.com,Spain,39.4798873,-0.3979657
581,Kalil,Boulton,kboultong4@indiegogo.com,Spain,42.9782326,-7.5626411
582,Alonso,Mosedall,amosedallg5@bigcartel.com,Spain,41.6465777,-4.7497457
583,Raquel,D'Aeth,rdaethg6@jimdo.com,Spain,41.6445836,0.587269
584,Morgun,Rays,mraysg7@ycombinator.com,Spain,37.4212157,-5.9251211
585,Pamela,Maddie,pmaddieg8@ameblo.jp,Spain,43.5162166,-5.664252
586,Grayce,Luetchford,gluetchfordg9@blogtalkradio.com,Spain,42.8302933,-1.6299338
587,Zsa zsa,Romayne,zromaynega@com.com,Spain,41.4378689,2.196618
588,Ivor,Ritmeier,iritmeiergb@ed.gov,Spain,36.5292176,-6.2940354
589,Alisun,Matthiesen,amatthiesengc@trellian.com,Spain,43.5251666,-5.6379087
590,Noach,Whitecross,nwhitecrossgd@theatlantic.com,Spain,38.994349,-1.8585424
591,Coretta,Moyes,cmoyesge@auda.org.au,Spain,36.5052612,-6.2761016
592,Latashia,Ewbanck,lewbanckgf@hibu.com,Spain,42.9782326,-7.5626411
593,Jodie,Boeter,jboetergg@cargocollective.com,Spain,37.3100775,-5.9647536
594,Mile,Eggerton,meggertongh@cpanel.net,Spain,41.6445836,0.587269
595,Thibaut,Orrock,torrockgi@g.co,Spain,28.4391484,-16.2845785
596,Wilden,Guilliland,wguillilandgj@woothemes.com,Spain,28.1236316,-15.4287738
597,Steffen,Skin,sskingk@trellian.com,Spain,37.1773363,-3.5985571
598,Cinnamon,Bruins,cbruinsgl@nifty.com,Spain,43.5414515,-5.8855146
599,Marquita,Farrance,mfarrancegm@unicef.org,Spain,36.7203407,-4.419495
600,Modestine,Hamlen,mhamlengn@imgur.com,Spain,40.4869744,-3.6116494
601,Zuzana,Varey,zvareygo@prnewswire.com,Spain,37.1952335,-3.664859
602,Gerianne,Colliss,gcollissgp@google.com.au,Spain,28.4391484,-16.2845785
603,Hartwell,Boyde,hboydegq@sbwire.com,Spain,38.994349,-1.8585424
604,Quint,Lomas,qlomasgr@state.gov,Spain,40.3319506,-3.7686545
605,Elberta,Jermey,ejermeygs@goo.gl,Spain,42.4385891,-8.5995773
606,Amelina,Havock,ahavockgt@google.de,Spain,37.1773363,-3.5985571
607,Vivianne,Parkisson,vparkissongu@alibaba.com,Spain,40.7559095,-0.3371889
608,Ronni,Gateman,rgatemangv@typepad.com,Spain,28.0846121,-15.4331673
609,Cullan,McNysche,cmcnyschegw@utexas.edu,Spain,41.6247751,0.5588787
610,Marven,McIlvenny,mmcilvennygx@spiegel.de,Spain,42.8518656,-8.5638609
611,Arlen,Norledge,anorledgegy@ftc.gov,Spain,36.7203407,-4.419495
612,Bernadina,Lownsbrough,blownsbroughgz@cpanel.net,Spain,36.5052612,-6.2761016
613,Corry,Birds,cbirdsh0@oracle.com,Spain,42.8436672,-2.6722992
614,Roxy,Ruttgers,rruttgersh1@purevolume.com,Spain,40.500471,-3.6673942
615,Jefferey,Fazakerley,jfazakerleyh2@businessinsider.com,Spain,28.1236316,-15.4287738
616,Cecil,Pirrie,cpirrieh3@msu.edu,Spain,41.6247751,0.5588787
617,Olly,McCard,omccardh4@live.com,Spain,43.3057431,-1.9802013
618,Meggie,Swepson,mswepsonh5@cmu.edu,Spain,42.3233666,-7.8585562
619,Hyacinth,Kembery,hkemberyh6@theatlantic.com,Spain,42.4385891,-8.5995773
620,Angie,Vousden,avousdenh7@tiny.cc,Spain,41.5281384,2.1143422
621,Bartie,Gurnell,bgurnellh8@nymag.com,Spain,42.5944931,-5.6195112
622,Nanete,Gibbings,ngibbingsh9@pcworld.com,Spain,43.5251666,-5.6379087
623,Tremayne,Jedrzejczyk,tjedrzejczykha@networkadvertising.org,Spain,43.3216087,-8.434873
624,Trever,Hintzer,thintzerhb@sfgate.com,Spain,42.8045028,-1.6432837
625,Jermayne,McKeran,jmckeranhc@vk.com,Spain,42.8436672,-2.6722992
626,Sargent,Pack,spackhd@ed.gov,Spain,42.8038334,-1.6894332
627,Arly,Braund,abraundhe@icq.com,Spain,42.4914204,-2.522269
628,Carlita,Tarry,ctarryhf@mlb.com,Spain,39.4798873,-0.3979657
629,Dore,Furze,dfurzehg@cafepress.com,Spain,43.4717283,-3.7866915
630,Cordelie,Barthelet,cbarthelethh@slashdot.org,Spain,36.7195014,-4.4239965
631,Dacy,Meachem,dmeachemhi@google.com.br,Spain,40.7559095,-0.3371889
632,Evie,Letteresse,eletteressehj@behance.net,Spain,42.8436672,-2.6722992
633,Georgianna,Coite,gcoitehk@redcross.org,Spain,42.4423768,-8.6463086
634,Hulda,Skule,hskulehl@fda.gov,Spain,38.0294026,-0.6867939
635,Kristoffer,Charke,kcharkehm@timesonline.co.uk,Spain,37.5968793,-1.0346774
636,Siusan,Olivari,solivarihn@creativecommons.org,Spain,41.6543565,0.6251541
637,Eberhard,Jerman,ejermanho@altervista.org,Spain,40.3319506,-3.7686545
638,Fields,Sapsford,fsapsfordhp@amazon.de,Spain,38.0294026,-0.6867939
639,Cari,Priestnall,cpriestnallhq@cmu.edu,Spain,40.3319506,-3.7686545
640,Carney,Jirus,cjirushr@china.com.cn,Spain,42.2390986,-8.6848147
641,Albina,Brazil,abrazilhs@nydailynews.com,Spain,40.3111887,-3.7371617
642,Monah,Junifer,mjuniferht@boston.com,Spain,40.3954764,-3.6902166
643,Cherri,Stagg,cstagghu@unblog.fr,Spain,42.8302933,-1.6299338
644,Wilhelmine,Severs,wsevershv@nydailynews.com,Spain,42.3233666,-7.8585562
645,Farrell,Twinbourne,ftwinbournehw@com.com,Spain,39.9863563,-0.0513246
646,Lenee,Grandisson,lgrandissonhx@biblegateway.com,Spain,40.3111887,-3.7371617
647,Ofilia,Barnsdall,obarnsdallhy@apple.com,Spain,42.4576548,-2.4407498
648,Linnie,Grewar,lgrewarhz@aboutads.info,Spain,42.9782326,-7.5626411
649,Jeremias,Sexten,jsexteni0@addtoany.com,Spain,41.3641068,2.133823
650,Rockwell,Bilston,rbilstoni1@ebay.com,Spain,39.4798873,-0.3979657
651,Cirillo,Neles,cnelesi2@adobe.com,Spain,28.0846121,-15.4331673
652,Dorita,Tressler,dtressleri3@smh.com.au,Spain,40.3111887,-3.7371617
653,Micki,Kreber,mkreberi4@google.es,Spain,38.5928606,-2.5498208
654,Darcie,Daspar,ddaspari5@wikipedia.org,Spain,37.7801069,-3.8235525
655,Shem,Hickin,shickini6@plala.or.jp,Spain,40.9380536,0.3183792
656,Hercule,Rounsefull,hrounsefulli7@reference.com,Spain,41.6704519,-4.7135268
657,Alayne,Nourse,anoursei8@who.int,Spain,43.4880374,-8.2310576
658,Adey,Theodoris,atheodorisi9@mediafire.com,Spain,42.8436672,-2.6722992
659,Jaquelin,Fullylove,jfullyloveia@quantcast.com,Spain,41.3730301,2.116796
660,Odey,Crake,ocrakeib@pen.io,Spain,42.8045028,-1.6432837
661,Darryl,Gerardi,dgerardiic@washington.edu,Spain,43.4717283,-3.7866915
662,Dulcine,Theurer,dtheurerid@unesco.org,Spain,42.4423768,-8.6463086
663,Niven,Meaker,nmeakerie@photobucket.com,Spain,36.7226027,-4.467102
664,Eden,Geeve,egeeveif@jalbum.net,Spain,37.4852899,-2.2959788
665,Reeva,Pien,rpienig@plala.or.jp,Spain,42.0096857,-4.5288016
666,Cherey,Stickland,csticklandih@creativecommons.org,Spain,42.8038334,-1.6894332
667,Marcos,Guiden,mguidenii@nifty.com,Spain,39.9863563,-0.0513246
668,Diarmid,Slimm,dslimmij@ycombinator.com,Spain,39.6343248,2.631838
669,Gabbi,Aaronsohn,gaaronsohnik@github.io,Spain,28.0846121,-15.4331673
670,Jefferson,Christou,jchristouil@drupal.org,Spain,36.5292176,-6.2940354
671,Hilliary,McGloin,hmcgloinim@flickr.com,Spain,41.6445836,0.587269
672,Vittorio,Lorand,vlorandin@cmu.edu,Spain,41.4378689,2.196618
673,Collette,Divis,cdivisio@wunderground.com,Spain,36.7195014,-4.4239965
674,Budd,Rhodus,brhodusip@ftc.gov,Spain,42.660251,-5.5722297
675,Christos,Beedham,cbeedhamiq@newyorker.com,Spain,42.8970535,-8.5418899
676,Bendick,Jarrard,bjarrardir@topsy.com,Spain,42.8436672,-2.6722992
677,Anderea,Ragate,aragateis@github.com,Spain,41.6543565,0.6251541
678,Ned,Flag,nflagit@hatena.ne.jp,Spain,37.5968793,-1.0346774
679,Leopold,Brimilcombe,lbrimilcombeiu@goo.ne.jp,Spain,42.214405,-8.7357274
680,Ofelia,Giercke,ogierckeiv@twitpic.com,Spain,43.4880374,-8.2310576
681,Lauryn,Lawrenceson,llawrencesoniw@technorati.com,Spain,37.439299,-5.9885456
682,Remus,Alleburton,ralleburtonix@sun.com,Spain,37.1691224,-3.6002547
683,Valenka,Itschakov,vitschakoviy@adobe.com,Spain,43.5414515,-5.8855146
684,Marigold,Bisp,mbispiz@mayoclinic.com,Spain,42.4423768,-8.6463086
685,Quent,Quiddihy,qquiddihyj0@moonfruit.com,Spain,42.4914204,-2.522269
686,Alistair,Greenshields,agreenshieldsj1@japanpost.jp,Spain,42.4914204,-2.522269
687,Gerhardine,Brotherton,gbrothertonj2@latimes.com,Spain,39.5558392,2.5941239
688,Melessa,Berford,mberfordj3@nifty.com,Spain,43.4717283,-3.7866915
689,Alphard,Whittick,awhittickj4@themeforest.net,Spain,41.3730301,2.116796
690,Karla,Huegett,khuegettj5@mediafire.com,Spain,36.7203407,-4.419495
691,Chanda,Crosi,ccrosij6@icio.us,Spain,37.7801069,-3.8235525
692,Ali,MacMoyer,amacmoyerj7@discuz.net,Spain,41.6247751,0.5588787
693,Arleta,Quantick,aquantickj8@vkontakte.ru,Spain,43.5162166,-5.664252
694,Fey,Trotman,ftrotmanj9@biblegateway.com,Spain,41.5281384,2.1143422
695,Weider,Neeve,wneeveja@hc360.com,Spain,42.4914204,-2.522269
696,Brunhilda,Luety,bluetyjb@mayoclinic.com,Spain,41.5120612,-5.7415013
697,Berty,Ferrierio,bferrieriojc@bandcamp.com,Spain,38.8794495,-6.9706535
698,Alvera,Patroni,apatronijd@google.de,Spain,43.3177929,-1.9814245
699,Dara,Neame,dneameje@lycos.com,Spain,28.4391484,-16.2845785
700,Omar,Yezafovich,oyezafovichjf@state.tx.us,Spain,43.4598651,-3.8057968
701,Aguste,Arro,aarrojg@goo.ne.jp,Spain,39.9863563,-0.0513246
702,Brittaney,Gentil,bgentiljh@arizona.edu,Spain,42.660251,-5.5722297
703,Ralf,Sayer,rsayerji@blogs.com,Spain,37.4852899,-2.2959788
704,Luce,Plunket,lplunketjj@zdnet.com,Spain,38.2911575,-0.6322615
705,Pasquale,Maffini,pmaffinijk@ycombinator.com,Spain,42.8045028,-1.6432837
706,Delores,Killbey,dkillbeyjl@cam.ac.uk,Spain,40.9380536,0.3183792
707,Marv,Thrower,mthrowerjm@networkadvertising.org,Spain,37.1773363,-3.5985571
708,Shir,Gregoratti,sgregorattijn@alibaba.com,Spain,40.3954764,-3.6902166
709,Rosmunda,Dewdney,rdewdneyjo@cnet.com,Spain,38.8794495,-6.9706535
710,Ferd,Drury,fdruryjp@irs.gov,Spain,39.4798873,-0.3979657
711,Lexie,Pods,lpodsjq@cargocollective.com,Spain,40.9380536,0.3183792
712,Joyous,Jenken,jjenkenjr@who.int,Spain,41.5281384,2.1143422
713,Edgar,Perigoe,eperigoejs@google.es,Spain,41.6543565,0.6251541
714,Patric,Brelsford,pbrelsfordjt@prnewswire.com,Spain,38.2911575,-0.6322615
715,Chanda,Jiroudek,cjiroudekju@hexun.com,Spain,43.5414515,-5.8855146
716,Richardo,Nijssen,rnijssenjv@bing.com,Spain,42.3233666,-7.8585562
717,Olympia,Inchley,oinchleyjw@google.co.jp,Spain,42.8970535,-8.5418899
718,Luisa,Herreran,lherreranjx@forbes.com,Spain,42.8038334,-1.6894332
719,Carita,Sheldrick,csheldrickjy@weebly.com,Spain,40.4563733,-3.6952896
720,Nikki,Scutchings,nscutchingsjz@ning.com,Spain,42.660251,-5.5722297
721,Otes,Kleinstern,okleinsternk0@yellowbook.com,Spain,37.1773363,-3.5985571
722,Kiah,Brecher,kbrecherk1@aboutads.info,Spain,28.00872,-15.3980224
723,Amata,Gallardo,agallardok2@technorati.com,Spain,28.00872,-15.3980224
724,Lilly,Rubinsaft,lrubinsaftk3@123-reg.co.uk,Spain,41.6465777,-4.7497457
725,Benjamin,Lyddy,blyddyk4@latimes.com,Spain,40.4869744,-3.6116494
726,Lani,Folger,lfolgerk5@gmpg.org,Spain,43.4717283,-3.7866915
727,Delmor,Barden,dbardenk6@nydailynews.com,Spain,37.7801069,-3.8235525
728,Chen,Hutt,chuttk7@foxnews.com,Spain,42.229169,-8.7026991
729,Lilllie,Skitteral,lskitteralk8@nydailynews.com,Spain,42.8045028,-1.6432837
730,Hestia,Paull,hpaullk9@zdnet.com,Spain,36.757714,-4.2429565
731,Bernadette,Brelsford,bbrelsfordka@craigslist.org,Spain,36.5052612,-6.2761016
732,Francklin,MacGibbon,fmacgibbonkb@bluehost.com,Spain,39.5013158,-0.3889622
733,Hatti,Forkan,hforkankc@typepad.com,Spain,35.8941687,-5.2919563
734,Diane-marie,Kastel,dkastelkd@miitbeian.gov.cn,Spain,40.9380536,0.3183792
735,Preston,Speechly,pspeechlyke@wikimedia.org,Spain,43.5162166,-5.664252
736,Travis,Probet,tprobetkf@hatena.ne.jp,Spain,42.9782326,-7.5626411
737,Ermanno,Insull,einsullkg@unc.edu,Spain,38.2911575,-0.6322615
738,Carine,Cogswell,ccogswellkh@issuu.com,Spain,41.5120612,-5.7415013
739,Ketty,Arbuckel,karbuckelki@about.me,Spain,39.5013158,-0.3889622
740,Wynn,Scrase,wscrasekj@twitter.com,Spain,36.7203407,-4.419495
741,Bryn,Meddemmen,bmeddemmenkk@paypal.com,Spain,38.3628307,-0.5210565
742,Ardene,Kear,akearkl@taobao.com,Spain,43.5162166,-5.664252
743,Amalie,Brower,abrowerkm@cdc.gov,Spain,42.4556093,-8.6325611
744,Korey,Ragdale,kragdalekn@gizmodo.com,Spain,41.5120612,-5.7415013
745,Sidnee,Formoy,sformoyko@cisco.com,Spain,39.609109,2.6362975
746,Madeline,Godsell,mgodsellkp@delicious.com,Spain,41.4378689,2.196618
747,Kareem,Scrivner,kscrivnerkq@earthlink.net,Spain,36.7195014,-4.4239965
748,Land,Mark,lmarkkr@jalbum.net,Spain,39.5013158,-0.3889622
749,Bren,Stonall,bstonallks@unesco.org,Spain,38.8744567,-6.9786326
750,Ortensia,Jacketts,ojackettskt@wisc.edu,Spain,37.6118995,-0.9904322
751,Ari,Whitwham,awhitwhamku@imdb.com,Spain,42.8518656,-8.5638609
752,Minor,Cowill,mcowillkv@admin.ch,Spain,41.5120612,-5.7415013
753,Jordan,Shanklin,jshanklinkw@oracle.com,Spain,42.8970535,-8.5418899
754,Nanon,Whenham,nwhenhamkx@vinaora.com,Spain,40.7559095,-0.3371889
755,Lissa,Scafe,lscafeky@live.com,Spain,40.500471,-3.6673942
756,Connie,Mace,cmacekz@vinaora.com,Spain,28.1328796,-15.4393074
757,Rossy,Stancer,rstancerl0@diigo.com,Spain,42.4556093,-8.6325611
758,Herb,Gosselin,hgosselinl1@gmpg.org,Spain,42.8563356,-2.7033575
759,Bridgette,Pilgram,bpilgraml2@de.vu,Spain,42.8518656,-8.5638609
760,Meta,Di Ruggiero,mdiruggierol3@so-net.ne.jp,Spain,43.3057431,-1.9802013
761,Christa,Palfree,cpalfreel4@mediafire.com,Spain,42.8038334,-1.6894332
762,Marthe,Maken,mmakenl5@example.com,Spain,43.5162166,-5.664252
763,Peirce,Mallock,pmallockl6@storify.com,Spain,42.4914204,-2.522269
764,Joshia,De Robertis,jderobertisl7@purevolume.com,Spain,37.439299,-5.9885456
765,Aleksandr,Sherville,ashervillel8@stumbleupon.com,Spain,41.6543565,0.6251541
766,Annadiana,Daber,adaberl9@arstechnica.com,Spain,40.4304536,-3.7105118
767,Eolanda,Delong,edelongla@linkedin.com,Spain,42.4576548,-2.4407498
768,Reeta,Marshall,rmarshalllb@businesswire.com,Spain,41.6247751,0.5588787
769,Brand,Marval,bmarvallc@smugmug.com,Spain,37.439299,-5.9885456
770,Boyd,Alishoner,balishonerld@trellian.com,Spain,38.2911575,-0.6322615
771,Cull,Stickler,csticklerle@pbs.org,Spain,36.5292176,-6.2940354
772,Tallou,Rickwood,trickwoodlf@sitemeter.com,Spain,41.6247751,0.5588787
773,Sapphire,Kimmel,skimmellg@deliciousdays.com,Spain,41.6445836,0.587269
774,Roderigo,Goffe,rgoffelh@mediafire.com,Spain,36.757714,-4.2429565
775,Karole,Valente,kvalenteli@prnewswire.com,Spain,42.8970535,-8.5418899
776,Valentine,Tovey,vtoveylj@jugem.jp,Spain,38.3628307,-0.5210565
777,Dari,Ricold,dricoldlk@dyndns.org,Spain,42.3233666,-7.8585562
778,Aaren,Tomek,atomekll@utexas.edu,Spain,36.757714,-4.2429565
779,Susana,Huban,shubanlm@is.gd,Spain,43.4880374,-8.2310576
780,Leese,Cresswell,lcresswellln@domainmarket.com,Spain,41.6286623,-0.8744828
781,Tasha,Cruddas,tcruddaslo@dell.com,Spain,41.3641068,2.133823
782,Karlene,Tunnicliffe,ktunnicliffelp@paypal.com,Spain,42.4576548,-2.4407498
783,Lauren,Hallowell,lhallowelllq@cbslocal.com,Spain,36.5292176,-6.2940354
784,Tobe,Luigi,tluigilr@tinypic.com,Spain,37.3100775,-5.9647536
785,Crissie,Hallan,challanls@amazon.com,Spain,37.1773363,-3.5985571
786,Ayn,Nickolls,anickollslt@cornell.edu,Spain,42.4576548,-2.4407498
787,Izak,Mechell,imechelllu@oakley.com,Spain,40.9838888,-5.6589414
788,Clementina,Caruth,ccaruthlv@dagondesign.com,Spain,37.5968793,-1.0346774
789,Prissie,Style,pstylelw@4shared.com,Spain,42.214405,-8.7357274
790,Inger,Gorling,igorlinglx@blog.com,Spain,42.660251,-5.5722297
791,Caleb,Whicher,cwhicherly@jugem.jp,Spain,41.6286623,-0.8744828
792,Reeta,Vaar,rvaarlz@phoca.cz,Spain,40.3954764,-3.6902166
793,Jelene,Wyrill,jwyrillm0@com.com,Spain,37.970285,-1.1424989
794,Noami,Sewart,nsewartm1@cnbc.com,Spain,40.7559095,-0.3371889
795,Timothea,Hinder,thinderm2@oracle.com,Spain,28.4391484,-16.2845785
796,Andria,Nolli,anollim3@mapy.cz,Spain,42.8045028,-1.6432837
797,Cassie,Tallboy,ctallboym4@ted.com,Spain,42.8038334,-1.6894332
798,Geneva,Stoves,gstovesm5@si.edu,Spain,42.214405,-8.7357274
799,Ellyn,Lippiett,elippiettm6@skype.com,Spain,42.4423768,-8.6463086
800,Tremaine,Willment,twillmentm7@google.co.uk,Spain,41.6704519,-4.7135268
801,Roana,Whitwood,rwhitwoodm8@miibeian.gov.cn,Spain,28.1328796,-15.4393074
802,Ruddie,Bredes,rbredesm9@omniture.com,Spain,38.8794495,-6.9706535
803,Roseanne,Bussy,rbussyma@reverbnation.com,Spain,43.5162166,-5.664252
804,Tally,MacFie,tmacfiemb@alexa.com,Spain,28.4391484,-16.2845785
805,Zitella,Verrechia,zverrechiamc@shinystat.com,Spain,38.8744567,-6.9786326
806,Pattie,Antonikov,pantonikovmd@lycos.com,Spain,39.609109,2.6362975
807,Francyne,Clohisey,fclohiseyme@imdb.com,Spain,42.2470995,2.0763253
808,Gaven,Halliday,ghallidaymf@umn.edu,Spain,41.6247751,0.5588787
809,Manolo,Lamartine,mlamartinemg@dropbox.com,Spain,42.8518656,-8.5638609
810,Colas,Blowing,cblowingmh@patch.com,Spain,41.4378689,2.196618
811,Coralyn,Lovick,clovickmi@ihg.com,Spain,39.5558392,2.5941239
812,Christean,Everix,ceverixmj@g.co,Spain,43.5414515,-5.8855146
813,Milly,Mountfort,mmountfortmk@t.co,Spain,36.7203407,-4.419495
814,Georges,Eaden,geadenml@google.ca,Spain,36.7195014,-4.4239965
815,Yorgos,McWaters,ymcwatersmm@reuters.com,Spain,42.8436672,-2.6722992
816,Reinaldo,Westcar,rwestcarmn@comsenz.com,Spain,40.4869744,-3.6116494
817,Allison,Gauler,agaulermo@aol.com,Spain,39.9863563,-0.0513246
818,Berrie,Cloney,bcloneymp@deviantart.com,Spain,43.4717283,-3.7866915
819,Georgie,Rothon,grothonmq@unc.edu,Spain,28.0846121,-15.4331673
820,Merlina,Clutton,mcluttonmr@yahoo.co.jp,Spain,37.4852899,-2.2959788
821,Olympie,Mangeney,omangeneyms@free.fr,Spain,36.5052612,-6.2761016
822,Miller,Olyfant,molyfantmt@pinterest.com,Spain,42.8045028,-1.6432837
823,Lilla,MacFaul,lmacfaulmu@ezinearticles.com,Spain,38.2911575,-0.6322615
824,Misha,Swash,mswashmv@wp.com,Spain,42.0096857,-4.5288016
825,Gabby,Moscone,gmosconemw@amazon.co.uk,Spain,37.3100775,-5.9647536
826,Margot,Clyde,mclydemx@wunderground.com,Spain,43.3216087,-8.434873
827,Douglas,Chartres,dchartresmy@tinypic.com,Spain,42.8436672,-2.6722992
828,Gussy,Melmeth,gmelmethmz@reverbnation.com,Spain,41.5120612,-5.7415013
829,Farra,Watling,fwatlingn0@webmd.com,Spain,39.6343248,2.631838
830,Krissie,Reck,kreckn1@cargocollective.com,Spain,42.4914204,-2.522269
831,Meriel,Murrie,mmurrien2@cisco.com,Spain,43.3152889,-1.9514657
832,Stormy,Packman,spackmann3@uol.com.br,Spain,40.4563733,-3.6952896
833,Jordon,Drury,jdruryn4@reverbnation.com,Spain,42.8591137,-2.6844071
834,Erminia,Alekseicik,ealekseicikn5@plala.or.jp,Spain,42.2390986,-8.6848147
835,Donall,Saltman,dsaltmann6@tuttocitta.it,Spain,36.7203407,-4.419495
836,Gabrielle,Farrand,gfarrandn7@globo.com,Spain,42.4556093,-8.6325611
837,Loren,Oliveto,loliveton8@dell.com,Spain,36.7226027,-4.467102
838,Even,Meran,emerann9@icq.com,Spain,36.7195014,-4.4239965
839,Christian,Fehely,cfehelyna@cyberchimps.com,Spain,28.0990178,-15.4203257
840,Eimile,Balazot,ebalazotnb@sbwire.com,Spain,41.6286623,-0.8744828
841,Letti,Lung,llungnc@soundcloud.com,Spain,39.9863563,-0.0513246
842,Lesya,Milberry,lmilberrynd@webeden.co.uk,Spain,39.463861,-0.3689508
843,Charlene,Hess,chessne@unblog.fr,Spain,41.6465777,-4.7497457
844,Marley,Keirl,mkeirlnf@time.com,Spain,40.3954764,-3.6902166
845,Leese,Zieme,lziemeng@nymag.com,Spain,42.660251,-5.5722297
846,Maurene,Nelle,mnellenh@ask.com,Spain,36.7195014,-4.4239965
847,Thorsten,Kynforth,tkynforthni@paginegialle.it,Spain,28.4391484,-16.2845785
848,Waverley,Youhill,wyouhillnj@4shared.com,Spain,42.8563356,-2.7033575
849,Merwyn,Fechnie,mfechnienk@list-manage.com,Spain,43.4598651,-3.8057968
850,Ollie,Macartney,omacartneynl@tinyurl.com,Spain,40.378739,-3.7358924
851,Burtie,Ianitti,bianittinm@webs.com,Spain,40.4563733,-3.6952896
852,Gaven,Bishopp,gbishoppnn@unicef.org,Spain,39.873363,-4.0414005
853,Moreen,Mickelwright,mmickelwrightno@w3.org,Spain,37.1952335,-3.664859
854,Drugi,Butterworth,dbutterworthnp@upenn.edu,Spain,36.8414494,-2.4567059
855,Francoise,Frood,ffroodnq@altervista.org,Spain,37.1952335,-3.664859
856,Laina,O'Cannan,locannannr@hibu.com,Spain,43.3216087,-8.434873
857,Sherman,Dwyr,sdwyrns@omniture.com,Spain,38.0294026,-0.6867939
858,Maye,Krier,mkriernt@bbc.co.uk,Spain,39.5013158,-0.3889622
859,Corey,Cattell,ccattellnu@blogger.com,Spain,42.8591137,-2.6844071
860,Aeriell,Alster,aalsternv@boston.com,Spain,40.2748289,-3.7968574
861,Russ,Canet,rcanetnw@clickbank.net,Spain,40.7559095,-0.3371889
862,Gerald,Rocco,grocconx@uiuc.edu,Spain,42.229169,-8.7026991
863,Bel,Twelve,btwelveny@stanford.edu,Spain,37.1952335,-3.664859
864,Daphna,Canham,dcanhamnz@examiner.com,Spain,37.5968793,-1.0346774
865,Delmor,Ricciardello,dricciardelloo0@cmu.edu,Spain,37.3100775,-5.9647536
866,Batsheva,Akker,bakkero1@reddit.com,Spain,38.994349,-1.8585424
867,Chevy,Manneville,cmannevilleo2@ibm.com,Spain,37.4212157,-5.9251211
868,Alfie,McVane,amcvaneo3@topsy.com,Spain,42.4423768,-8.6463086
869,Lu,Whittam,lwhittamo4@blogspot.com,Spain,43.3152889,-1.9514657
870,Celinda,Houltham,choulthamo5@github.io,Spain,37.7801069,-3.8235525
871,Nevsa,Hirth,nhirtho6@salon.com,Spain,39.5558392,2.5941239
872,Margie,Rathke,mrathkeo7@yale.edu,Spain,39.5558392,2.5941239
873,Dollie,Formby,dformbyo8@reddit.com,Spain,37.9868856,-1.1371011
874,Antoine,Vernazza,avernazzao9@geocities.jp,Spain,36.8414494,-2.4567059
875,Bendick,Feldbaum,bfeldbaumoa@unicef.org,Spain,42.229169,-8.7026991
876,Artemis,Kures,akuresob@histats.com,Spain,39.5013158,-0.3889622
877,Mellisent,Chastaing,mchastaingoc@unesco.org,Spain,41.6247751,0.5588787
878,Courtenay,Water,cwaterod@unc.edu,Spain,37.439299,-5.9885456
879,Loreen,Harrema,lharremaoe@nbcnews.com,Spain,42.9782326,-7.5626411
880,Leodora,Symcock,lsymcockof@ifeng.com,Spain,37.9868856,-1.1371011
881,Kimmie,Santus,ksantusog@samsung.com,Spain,41.6286623,-0.8744828
882,Ram,Dunseith,rdunseithoh@craigslist.org,Spain,38.3628307,-0.5210565
883,Ramona,Osboldstone,rosboldstoneoi@amazon.de,Spain,42.8436672,-2.6722992
884,Simeon,Dabels,sdabelsoj@alibaba.com,Spain,43.4880374,-8.2310576
885,Carver,Itshak,citshakok@unc.edu,Spain,42.8970535,-8.5418899
886,Lou,Boldra,lboldraol@liveinternet.ru,Spain,40.500471,-3.6673942
887,Isa,Edmett,iedmettom@tmall.com,Spain,38.8744567,-6.9786326
888,Gregoire,Linner,glinneron@ft.com,Spain,40.4304536,-3.7105118
889,Noll,Elwood,nelwoodoo@myspace.com,Spain,36.5052612,-6.2761016
890,Calla,Carlino,ccarlinoop@auda.org.au,Spain,28.4391484,-16.2845785
891,Vittoria,Angeli,vangelioq@springer.com,Spain,42.1294151,-0.3960275
892,Rosalia,Malmar,rmalmaror@amazon.co.uk,Spain,41.6286623,-0.8744828
893,Tam,Whitter,twhitteros@nhs.uk,Spain,41.3641068,2.133823
894,Nicki,Whitbread,nwhitbreadot@woothemes.com,Spain,42.214405,-8.7357274
895,Chere,Godfray,cgodfrayou@a8.net,Spain,39.5013158,-0.3889622
896,Leo,Edginton,ledgintonov@skype.com,Spain,37.4852899,-2.2959788
897,Filia,Lanyon,flanyonow@youtube.com,Spain,42.8038334,-1.6894332
898,Ciel,Rothon,crothonox@eventbrite.com,Spain,39.5013158,-0.3889622
899,Juline,O'Griffin,jogriffinoy@hexun.com,Spain,41.3641068,2.133823
900,Ellary,Aubery,eauberyoz@i2i.jp,Spain,36.757714,-4.2429565
901,Griswold,Filintsev,gfilintsevp0@harvard.edu,Spain,28.1236316,-15.4287738
902,Gisela,Yves,gyvesp1@51.la,Spain,39.6343248,2.631838
903,Cart,Lewisham,clewishamp2@godaddy.com,Spain,41.5120612,-5.7415013
904,Corbie,Comberbeach,ccomberbeachp3@gizmodo.com,Spain,37.1691224,-3.6002547
905,Nalani,Lattie,nlattiep4@mediafire.com,Spain,36.8414494,-2.4567059
906,Renate,Tudball,rtudballp5@wufoo.com,Spain,36.7226027,-4.467102
907,Delmore,Canavan,dcanavanp6@theguardian.com,Spain,40.7559095,-0.3371889
908,Amby,Ferrick,aferrickp7@livejournal.com,Spain,37.439299,-5.9885456
909,Thane,Murty,tmurtyp8@furl.net,Spain,37.5968793,-1.0346774
910,Elinor,Westwood,ewestwoodp9@answers.com,Spain,43.4598651,-3.8057968
911,Issie,Lamperd,ilamperdpa@edublogs.org,Spain,43.5414515,-5.8855146
912,Biddie,Derell,bderellpb@patch.com,Spain,42.1294151,-0.3960275
913,Nisse,Tamas,ntamaspc@hao123.com,Spain,40.9838888,-5.6589414
914,Aloise,Cram,acrampd@over-blog.com,Spain,37.4212157,-5.9251211
915,Delphine,Stading,dstadingpe@lulu.com,Spain,38.2911575,-0.6322615
916,Chrissie,Hassin,chassinpf@liveinternet.ru,Spain,42.1294151,-0.3960275
917,Christan,Whiteson,cwhitesonpg@macromedia.com,Spain,28.00872,-15.3980224
918,Boyce,Knevet,bknevetph@shutterfly.com,Spain,42.4576548,-2.4407498
919,Mathew,Crowch,mcrowchpi@fc2.com,Spain,40.9838888,-5.6589414
920,Amitie,Littledike,alittledikepj@techcrunch.com,Spain,42.4576548,-2.4407498
921,Noam,Sheara,nshearapk@mapy.cz,Spain,43.5414515,-5.8855146
922,Grete,Pochet,gpochetpl@skype.com,Spain,38.2911575,-0.6322615
923,Alikee,Zamora,azamorapm@nifty.com,Spain,40.4869744,-3.6116494
924,Ynes,Malim,ymalimpn@guardian.co.uk,Spain,38.3628307,-0.5210565
925,Othilia,Reddin,oreddinpo@europa.eu,Spain,40.3111887,-3.7371617
926,Aubrey,Brailsford,abrailsfordpp@google.co.jp,Spain,42.8970535,-8.5418899
927,Kristopher,Arbuckle,karbucklepq@ebay.com,Spain,40.7559095,-0.3371889
928,Zollie,Tween,ztweenpr@smh.com.au,Spain,37.970285,-1.1424989
929,Kariotta,Bohike,kbohikeps@gov.uk,Spain,43.5162166,-5.664252
930,Berri,Jaques,bjaquespt@pen.io,Spain,28.4391484,-16.2845785
931,Francoise,Bonnet,fbonnetpu@nih.gov,Spain,37.970285,-1.1424989
932,Fredric,Bracknell,fbracknellpv@yellowpages.com,Spain,40.3111887,-3.7371617
933,Wayland,Kinig,wkinigpw@canalblog.com,Spain,42.0096857,-4.5288016
934,Chrissie,Hatton,chattonpx@vinaora.com,Spain,41.5044882,-5.7434763
935,Adrian,Wabb,awabbpy@dmoz.org,Spain,36.5292176,-6.2940354
936,Locke,Blaze,lblazepz@salon.com,Spain,41.6247751,0.5588787
937,Ellswerth,Danks,edanksq0@e-recht24.de,Spain,42.214405,-8.7357274
938,Tobi,Pranger,tprangerq1@taobao.com,Spain,35.8941687,-5.2919563
939,Viviana,Loos,vloosq2@epa.gov,Spain,42.2470995,2.0763253
940,Alphonse,Torritti,atorrittiq3@ezinearticles.com,Spain,28.1328796,-15.4393074
941,Kamila,Fern,kfernq4@posterous.com,Spain,42.4914204,-2.522269
942,Fredrika,Nelsen,fnelsenq5@instagram.com,Spain,42.4556093,-8.6325611
943,Zedekiah,Horning,zhorningq6@reuters.com,Spain,42.214405,-8.7357274
944,Ezequiel,MacCaughan,emaccaughanq7@aboutads.info,Spain,42.8563356,-2.7033575
945,Parnell,Marchment,pmarchmentq8@i2i.jp,Spain,41.6543565,0.6251541
946,Yoshi,Jutson,yjutsonq9@flavors.me,Spain,42.8591137,-2.6844071
947,Bettina,Huffey,bhuffeyqa@lulu.com,Spain,40.2748289,-3.7968574
948,Judy,Ubanks,jubanksqb@elegantthemes.com,Spain,40.4563733,-3.6952896
949,Stoddard,Ugoletti,sugolettiqc@statcounter.com,Spain,40.3319506,-3.7686545
950,Nariko,Mockford,nmockfordqd@hostgator.com,Spain,39.4798873,-0.3979657
951,Heywood,Tonge,htongeqe@intel.com,Spain,40.4304536,-3.7105118
952,Karlyn,Mangan,kmanganqf@dyndns.org,Spain,43.4598651,-3.8057968
953,Hadrian,Gemson,hgemsonqg@netvibes.com,Spain,38.994349,-1.8585424
954,Isac,Srawley,israwleyqh@wufoo.com,Spain,41.3730301,2.116796
955,Ariel,O' Hanvey,aohanveyqi@tumblr.com,Spain,42.4576548,-2.4407498
956,Shanda,Clewes,sclewesqj@seattletimes.com,Spain,35.8941687,-5.2919563
957,Davin,Cure,dcureqk@ebay.com,Spain,39.609109,2.6362975
958,Isaiah,MacFadden,imacfaddenql@nih.gov,Spain,40.3319506,-3.7686545
959,Nickey,Ferneley,nferneleyqm@ifeng.com,Spain,42.1294151,-0.3960275
960,Wendy,Bestwick,wbestwickqn@nbcnews.com,Spain,36.757714,-4.2429565
961,Etan,Mathwin,emathwinqo@canalblog.com,Spain,41.5675577,-4.883185
962,Angele,Heaffey,aheaffeyqp@acquirethisname.com,Spain,42.229169,-8.7026991
963,Lefty,Clemo,lclemoqq@vimeo.com,Spain,42.8591137,-2.6844071
964,Renault,Frodsam,rfrodsamqr@furl.net,Spain,38.2911575,-0.6322615
965,Merilee,Dulin,mdulinqs@reddit.com,Spain,37.7801069,-3.8235525
966,Bonita,Mulhall,bmulhallqt@earthlink.net,Spain,39.463861,-0.3689508
967,Velvet,Willmer,vwillmerqu@creativecommons.org,Spain,37.9868856,-1.1371011
968,Cort,Towler,ctowlerqv@harvard.edu,Spain,41.3730301,2.116796
969,Aluin,Meys,ameysqw@artisteer.com,Spain,43.4590202,-3.8254599
970,Bobinette,Erickssen,berickssenqx@bizjournals.com,Spain,41.6247751,0.5588787
971,Siana,Pressland,spresslandqy@diigo.com,Spain,41.6465777,-4.7497457
972,Wake,Torpie,wtorpieqz@indiegogo.com,Spain,43.3216087,-8.434873
973,Dolf,Lampbrecht,dlampbrechtr0@ted.com,Spain,43.4598651,-3.8057968
974,Weylin,Glazzard,wglazzardr1@cyberchimps.com,Spain,36.8414494,-2.4567059
975,Margot,Hennington,mhenningtonr2@technorati.com,Spain,37.1691224,-3.6002547
976,Teirtza,Wildblood,twildbloodr3@netvibes.com,Spain,39.5558392,2.5941239
977,Myrna,Winsiowiecki,mwinsiowieckir4@unicef.org,Spain,43.4880374,-8.2310576
978,Cilka,Curnnokk,ccurnnokkr5@newyorker.com,Spain,42.660251,-5.5722297
979,Aubrette,Clowes,aclowesr6@hc360.com,Spain,37.970285,-1.1424989
980,Nikaniki,Haithwaite,nhaithwaiter7@yelp.com,Spain,40.378739,-3.7358924
981,Teodoro,Ziehms,tziehmsr8@biblegateway.com,Spain,41.3641068,2.133823
982,Maryjo,Bellham,mbellhamr9@blinklist.com,Spain,42.8436672,-2.6722992
983,Kellsie,Bestar,kbestarra@auda.org.au,Spain,42.2470995,2.0763253
984,Cortney,Merigon,cmerigonrb@ovh.net,Spain,42.8591137,-2.6844071
985,Trent,Froschauer,tfroschauerrc@howstuffworks.com,Spain,42.4556093,-8.6325611
986,Irving,Mammatt,imammattrd@usatoday.com,Spain,28.1236316,-15.4287738
987,Con,Probet,cprobetre@fastcompany.com,Spain,43.3216087,-8.434873
988,Cassie,Dreng,cdrengrf@ucla.edu,Spain,42.4423768,-8.6463086
989,Wittie,Dowsey,wdowseyrg@about.com,Spain,39.5558392,2.5941239
990,Bunny,Hollow,bhollowrh@cdc.gov,Spain,41.3730301,2.116796
991,Mead,Widdowes,mwiddowesri@amazon.de,Spain,40.500471,-3.6673942
992,Carlos,Harsnep,charsneprj@digg.com,Spain,36.7195014,-4.4239965
993,Burg,Riddlesden,briddlesdenrk@upenn.edu,Spain,42.4423768,-8.6463086
994,Harbert,Van Der Vlies,hvandervliesrl@wordpress.org,Spain,37.4852899,-2.2959788
995,Sandie,Taplow,staplowrm@geocities.com,Spain,39.9658255,-0.0419877
996,Tam,Phelp,tphelprn@whitehouse.gov,Spain,41.5044882,-5.7434763
997,Rycca,Portsmouth,rportsmouthro@about.com,Spain,42.8045028,-1.6432837
998,Reta,Simyson,rsimysonrp@washingtonpost.com,Spain,39.4798873,-0.3979657
999,Kerk,Caulcutt,kcaulcuttrq@wordpress.com,Spain,36.5052612,-6.2761016
1000,Reuven,Aviss,ravissrr@ameblo.jp,Spain,43.5162166,-5.664252
